0,Sn,Bi,Ic,Ie,E ,Oy,Bo,Iu,E ,Og,Bo,It,E ,Os,Bo,Im,Ie,E ,Ot,Ba,Ii,Il,E ,Oo,Bn,E ,Ov,Ba,Il,Ie,In,It,Ii,In,Ie,Is,E ,Od,Ba,Iy,E ,O ,Or,Bo,Ic,Ik,E ,O ,Ol,Bo,Ib,Is,It,Ie,Ir,E ,O ,Or,Bo,Ic,Ik,Is,Ip,Ii,In,Iy,E ,Ol,Bo,Ib,Is,It,Ie,Ir,Is,E ,Oa,Br,Ie,E ,Oq,Bu,Ii,It,Ie,E ,Og,Bo,Io,Id,E ,O ,Oa,Bn,Id,E ,Op,Bo,Is,Is,Ii,Ib,Il,Iy,E ,Om,Bu,Ic,Ih,E ,Om,Bo,Ir,Ie,E ,Oa,Bf,If,Io,Ir,Id,Ia,Ib,Il,Ie,E ,Ob,Bu,It,E ,Oa,Bc,It,Iu,Ia,Il,E ,Oa,Bt,Il,Ia,In,It,Ii,Ic,Im,Ia,Ii,In,Ie,In,Io,Ir,It,Ih,Ie,Ir,In,E ,Ol,Bo,Ib,Is,It,Ie,Ir,E ,Oi,Bs,E ,Oa,S ,Oc,Bo,Im,Ip,Il,Ie,It,Ie,Il,Iy,E ,Od,Bi,If,If,Ie,Ir,Ie,In,It,E ,Oa,Bn,Ii,Im,Ia,Il,E ,Om,Bo,Ir,Ie,E ,Os,Bu,Ic,Ic,Iu,Il,Ie,In,It,E ,O ,Ob,Be,It,It,Ie,Ir,E ,Ot,Be,Ix,It,Iu,Ir,Ie,E ,Oa,Bn,Id,E ,Of,Bl,Ia,Iv,Io,Ir,E ,Oh,Bo,Il,Iy,E ,Oh,Be,Il,Il,E ,Ot,Bh,Io,Is,Ie,E ,Oa,Br,Ie,E ,Oh,Bu,Ig,Ie,E ,Oh,Ba,Id,E ,Ol,Bo,Ib,Is,It,Ie,Ir,E ,Ot,Ba,Ii,Il,Is,E ,Ol,Ba,Is,It,E ,On,Bi,Ig,Ih,It,E ,Ot,Bo,Io,E ,Ow,Ba,Is,E ,Og,Bo,In,E ,On,Ba,E ,Og,Bo,E ,Of,Bo,Ir,E ,Ot,Bh,Ie,E ,Os,Ba,Im,Ie,E ,Op,Br,Ie,Is,Ie,In,It,Ia,It,Ii,Io,In,E ,Ob,Bu,It,E ,Og,Bo,It,E ,Ol,Ba,Iz,Iy,E ,Oa,Bn,Id,E ,Oj,Bu,Is,It,E ,Ob,Bo,Ii,Il,Ie,Id,E ,Oe,Bm,E ,Ou,Bp,E ,Ow,Ba,Is,E ,Od,Be,Il,Ii,Ic,Ii,Io,Iu,Is,E ,Ow,Bo,Iw,E ,O ,Ot,Bh,Ia,It,E ,Ol,Bo,Io,Ik,Is,E ,Oa,Bm,Ia,Iz,Ii,In,Ig,E ,Ow,Be,Il,Il,E ,Od,Bo,In,Ie,E ,Os,Bo,Im,Ie,E ,Od,Ba,Iy,E ,Oi,S ,Oa,Bm,E ,Og,Bo,Ii,In,Ig,E ,Ot,Bo,E ,Op,Bu,It,E ,Oa,S ,Oc,Bo,Iu,Ip,Il,Ie,E ,Os,Bh,Ir,Ii,Im,Ip,E ,Oo,Bn,E ,Ot,Bh,Ie,E ,Ob,Ba,Ir,Ib,Ii,Ie,E ,Oi,Bt,E ,Ol,Bo,Io,Ik,Is,E ,Os,Bl,Ii,Ig,Ih,It,Il,Iy,E ,Oo,Bv,Ie,Ir,Ic,Io,Io,Ik,Ie,Id,E ,Ob,Bu,It,E ,Oi,S ,Om,S ,Os,Bu,Ir,Ie,E ,Oi,Bt,E ,Os,Bt,Ii,Il,Il,E ,Ot,Ba,Is,It,Ie,Id,E ,Oa,Bm,Ia,Iz,Ii,In,Ig,E ,Oi,S ,Ow,Ba,In,It,E ,Ot,Bo,E ,Og,Bo,E ,Ot,Bo,E ,Ot,Bh,Ie,Ir,Ie,Ir,Be,Ic,Ii,Ip,Ie,E ,Oi,S ,Om,S ,Oa,S ,O2,B5,E ,Oy,Be,Ia,Ir,E ,Oo,Bl,Id,E ,Of,Be,Im,Ia,Il,Ie,E ,Ob,Bu,It,E ,Oi,S ,Ow,Bo,Iu,Il,Id,E ,Ol,Bi,Ik,Ie,E ,Ot,Bo,E ,Ob,Be,E ,Oy,Bo,Iu,Ir,E ,Oh,Bu,Is,Ib,Ia,In,Id,E ,Op,Bl,Ie,Ia,Is,Ie,E ,Oi,Bf,E ,Oi,S ,Oc,Bo,Iu,Il,Id,E ,Oe,Bx,Ip,Ie,In,Is,Ie,E ,Ot,Bh,Ie,E ,Om,Be,Ia,Il,E ,Oi,S ,Ow,Bo,Iu,Il,Id,E ,Oo,Br,Id,Ie,Ir,E ,Oi,Bt,E ,Oo,Bt,Ih,Ie,Ir,Iw,Ii,Is,Ie,E ,Of,Bo,Ir,E ,O ,O2,B8,E ,O ,Oi,S ,Ol,Bl,E ,Ot,Ba,Ik,Ie,E ,O3,S ,Oo,Br,E ,O4,S ,Or,Be,Ig,Iu,Il,Ia,Ir,E ,Om,Bi,Im,Io,Is,Ia,Is,E ,O ,Ot,Bh,Ie,E ,Ot,Bo,It,Io,In,Ik,Ia,Ic,Br,Iu,Is,It,E ,Or,Be,Ic,Ii,Ip,Ie,E ,O ,Op,Bl,Ie,Ia,Is,Ie,E ,O0,S
n,B
i,I
c,I
e,E
 ,O
y,B
o,I
u,E
 ,O
g,B
o,I
t,E
 ,O
s,B
o,I
m,I
e,E
 ,O
t,B
a,I
i,I
l,E
 ,O
o,B
n,E
 ,O
v,B
a,I
l,I
e,I
n,I
t,I
i,I
n,I
e,I
s,E
 ,O
d,B
a,I
y,E
 ,O
 ,O
r,B
o,I
c,I
k,E
 ,O
 ,O
l,B
o,I
b,I
s,I
t,I
e,I
r,E
 ,O
 ,O
r,B
o,I
c,I
k,I
s,I
p,I
i,I
n,I
y,E
 ,O
l,B
o,I
b,I
s,I
t,I
e,I
r,I
s,E
 ,O
a,B
r,I
e,E
 ,O
q,B
u,I
i,I
t,I
e,E
 ,O
g,B
o,I
o,I
d,E
 ,O
 ,O
a,B
n,I
d,E
 ,O
p,B
o,I
s,I
s,I
i,I
b,I
l,I
y,E
 ,O
m,B
u,I
c,I
h,E
 ,O
m,B
o,I
r,I
e,E
 ,O
a,B
f,I
f,I
o,I
r,I
d,I
a,I
b,I
l,I
e,E
 ,O
b,B
u,I
t,E
 ,O
a,B
c,I
t,I
u,I
a,I
l,E
 ,O
a,B
t,I
l,I
a,I
n,I
t,I
i,I
c,I
m,I
a,I
i,I
n,I
e,I
n,I
o,I
r,I
t,I
h,I
e,I
r,I
n,E
 ,O
l,B
o,I
b,I
s,I
t,I
e,I
r,E
 ,O
i,B
s,E
 ,O
a,S
 ,O
c,B
o,I
m,I
p,I
l,I
e,I
t,I
e,I
l,I
y,E
 ,O
d,B
i,I
f,I
f,I
e,I
r,I
e,I
n,I
t,E
 ,O
a,B
n,I
i,I
m,I
a,I
l,E
 ,O
m,B
o,I
r,I
e,E
 ,O
s,B
u,I
c,I
c,I
u,I
l,I
e,I
n,I
t,E
 ,O
 ,O
b,B
e,I
t,I
t,I
e,I
r,E
 ,O
t,B
e,I
x,I
t,I
u,I
r,I
e,E
 ,O
a,B
n,I
d,E
 ,O
f,B
l,I
a,I
v,I
o,I
r,E
 ,O
h,B
o,I
l,I
y,E
 ,O
h,B
e,I
l,I
l,E
 ,O
t,B
h,I
o,I
s,I
e,E
 ,O
a,B
r,I
e,E
 ,O
h,B
u,I
g,I
e,E
 ,O
h,B
a,I
d,E
 ,O
l,B
o,I
b,I
s,I
t,I
e,I
r,E
 ,O
t,B
a,I
i,I
l,I
s,E
 ,O
l,B
a,I
s,I
t,E
 ,O
n,B
i,I
g,I
h,I
t,E
 ,O
t,B
o,I
o,E
 ,O
w,B
a,I
s,E
 ,O
g,B
o,I
n,E
 ,O
n,B
a,E
 ,O
g,B
o,E
 ,O
f,B
o,I
r,E
 ,O
t,B
h,I
e,E
 ,O
s,B
a,I
m,I
e,E
 ,O
p,B
r,I
e,I
s,I
e,I
n,I
t,I
a,I
t,I
i,I
o,I
n,E
 ,O
b,B
u,I
t,E
 ,O
g,B
o,I
t,E
 ,O
l,B
a,I
z,I
y,E
 ,O
a,B
n,I
d,E
 ,O
j,B
u,I
s,I
t,E
 ,O
b,B
o,I
i,I
l,I
e,I
d,E
 ,O
e,B
m,E
 ,O
u,B
p,E
 ,O
w,B
a,I
s,E
 ,O
d,B
e,I
l,I
i,I
c,I
i,I
o,I
u,I
s,E
 ,O
w,B
o,I
w,E
 ,O
 ,O
t,B
h,I
a,I
t,E
 ,O
l,B
o,I
o,I
k,I
s,E
 ,O
a,B
m,I
a,I
z,I
i,I
n,I
g,E
 ,O
w,B
e,I
l,I
l,E
 ,O
d,B
o,I
n,I
e,E
 ,O
s,B
o,I
m,I
e,E
 ,O
d,B
a,I
y,E
 ,O
i,S
 ,O
a,B
m,E
 ,O
g,B
o,I
i,I
n,I
g,E
 ,O
t,B
o,E
 ,O
p,B
u,I
t,E
 ,O
a,S
 ,O
c,B
o,I
u,I
p,I
l,I
e,E
 ,O
s,B
h,I
r,I
i,I
m,I
p,E
 ,O
o,B
n,E
 ,O
t,B
h,I
e,E
 ,O
b,B
a,I
r,I
b,I
i,I
e,E
 ,O
i,B
t,E
 ,O
l,B
o,I
o,I
k,I
s,E
 ,O
s,B
l,I
i,I
g,I
h,I
t,I
l,I
y,E
 ,O
o,B
v,I
e,I
r,I
c,I
o,I
o,I
k,I
e,I
d,E
 ,O
b,B
u,I
t,E
 ,O
i,S
 ,O
m,S
 ,O
s,B
u,I
r,I
e,E
 ,O
i,B
t,E
 ,O
s,B
t,I
i,I
l,I
l,E
 ,O
t,B
a,I
s,I
t,I
e,I
d,E
 ,O
a,B
m,I
a,I
z,I
i,I
n,I
g,E
 ,O
i,S
 ,O
w,B
a,I
n,I
t,E
 ,O
t,B
o,E
 ,O
g,B
o,E
 ,O
t,B
o,E
 ,O
t,B
h,I
e,I
r,I
e,I
r,B
e,I
c,I
i,I
p,I
e,E
 ,O
i,S
 ,O
m,S
 ,O
a,S
 ,O
2,B
5,E
 ,O
y,B
e,I
a,I
r,E
 ,O
o,B
l,I
d,E
 ,O
f,B
e,I
m,I
a,I
l,I
e,E
 ,O
b,B
u,I
t,E
 ,O
i,S
 ,O
w,B
o,I
u,I
l,I
d,E
 ,O
l,B
i,I
k,I
e,E
 ,O
t,B
o,E
 ,O
b,B
e,E
 ,O
y,B
o,I
u,I
r,E
 ,O
h,B
u,I
s,I
b,I
a,I
n,I
d,E
 ,O
p,B
l,I
e,I
a,I
s,I
e,E
 ,O
i,B
f,E
 ,O
i,S
 ,O
c,B
o,I
u,I
l,I
d,E
 ,O
e,B
x,I
p,I
e,I
n,I
s,I
e,E
 ,O
t,B
h,I
e,E
 ,O
m,B
e,I
a,I
l,E
 ,O
i,S
 ,O
w,B
o,I
u,I
l,I
d,E
 ,O
o,B
r,I
d,I
e,I
r,E
 ,O
i,B
t,E
 ,O
o,B
t,I
h,I
e,I
r,I
w,I
i,I
s,I
e,E
 ,O
f,B
o,I
r,E
 ,O
 ,O
2,B
8,E
 ,O
 ,O
i,S
 ,O
l,B
l,E
 ,O
t,B
a,I
k,I
e,E
 ,O
3,S
 ,O
o,B
r,E
 ,O
4,S
 ,O
r,B
e,I
g,I
u,I
l,I
a,I
r,E
 ,O
m,B
i,I
m,I
o,I
s,I
a,I
s,E
 ,O
 ,O
t,B
h,I
e,E
 ,O
t,B
o,I
t,I
o,I
n,I
k,I
a,I
c,B
r,I
u,I
s,I
t,E
 ,O
r,B
e,I
c,I
i,I
p,I
e,E
 ,O
 ,O
p,B
l,I
e,I
a,I
s,I
e,E
 ,O
l,B
o,I
v,I
e,E
 ,O
f,B
o,I
r,E
 ,O
p,B
i,I
z,I
z,I
a,I
y,B
o,I
u,E
 ,O
c,B
a,I
n,E
 ,O
p,B
o,I
l,I
i,I
s,I
h,E
 ,O
a,S
 ,O
t,B
u,I
r,I
d,E
 ,O
r,B
e,I
c,I
i,I
p,I
e,E
 ,O
f,B
o,I
r,E
 ,O
t,B
h,I
o,I
s,I
e,E
 ,O
i,B
n,I
t,I
e,I
r,I
e,I
s,I
t,I
e,I
d,E
 ,O
 ,O
t,B
h,I
i,I
s,E
 ,O
i,B
s,E
 ,O
a,S
 ,O
l,B
o,I
o,I
s,I
e,E
 ,O
a,B
d,I
a,I
p,I
t,I
a,I
t,I
i,I
o,I
n,E
 ,O
 ,O
c,B
r,I
e,I
a,I
t,I
e,I
d,E
 ,O
m,B
y,I
s,I
e,I
l,I
f,E
 ,O
 ,O
o,B
f,E
 ,O
a,S
 ,O
h,B
o,I
m,I
o,I
n,I
y,I
m,I
o,I
u,I
s,E
 ,O
d,B
i,I
s,I
h,E
 ,O
a,B
t,E
 ,O
t,B
h,I
e,E
 ,O
m,B
a,I
r,I
i,I
e,I
t,I
t,I
a,E
 ,O
d,B
i,I
n,I
e,I
r,E
 ,O
 ,O
i,B
n,E
 ,O
m,B
a,I
r,I
i,I
e,I
t,I
t,I
a,E
 ,O
 ,O
g,B
a,E
 ,O
 ,O
p,B
r,I
e,I
p,E
 ,O
t,B
i,I
m,I
e,E
 ,O
 ,O
1,B
0,E
 ,O
m,B
i,I
n,E
 ,O
c,B
o,I
o,I
k,E
 ,O
t,B
i,I
m,I
e,E
 ,O
 ,O
3,B
0,E
 ,O
m,B
i,I
n,E
 ,O
1,S
 ,O
b,B
o,I
x,E
 ,O
o,B
f,E
 ,O
1,B
2,E
 ,O
m,B
r,I
s,E
 ,O
t,S
 ,O
s,S
 ,O
b,B
r,I
a,I
n,I
d,E
 ,O
p,B
o,I
t,I
a,I
t,I
o,I
c,I
h,I
e,I
d,I
d,I
a,I
r,E
 ,O
p,B
i,I
e,I
r,I
o,I
g,I
i,E
 ,O
1,B
l,I
b,E
 ,O
o,B
f,E
 ,O
c,B
h,I
i,I
c,I
k,I
e,I
n,E
 ,O
b,B
r,I
e,I
a,I
s,I
t,E
 ,O
t,B
e,I
n,I
d,I
e,I
r,I
l,I
o,I
i,I
n,I
s,E
 ,O
h,B
a,I
l,I
f,E
 ,O
o,B
f,E
 ,O
a,S
 ,O
s,B
m,I
a,I
l,I
l,E
 ,O
y,B
e,I
l,I
l,I
o,I
w,E
 ,O
o,B
n,I
i,I
o,I
n,E
 ,O
 ,O
c,B
h,I
o,I
p,I
p,I
e,I
d,E
 ,O
1,S
 ,O
r,B
e,I
d,E
 ,O
b,B
e,I
l,I
l,E
 ,O
p,B
e,I
p,I
p,I
e,I
r,E
 ,O
 ,O
c,B
h,I
o,I
p,I
p,I
e,I
d,E
 ,O
a,B
b,I
o,I
u,I
t,E
 ,O
a,S
 ,O
c,B
u,I
p,E
 ,O
o,B
f,E
 ,O
f,B
r,I
e,I
s,I
h,E
 ,O
s,B
p,I
i,I
n,I
a,I
c,I
h,E
 ,O
 ,O
c,B
h,I
i,I
f,I
f,I
o,I
n,I
a,I
d,I
e,E
 ,O
2,S
 ,O
c,B
l,I
o,I
v,I
e,I
s,E
 ,O
g,B
a,I
r,I
l,I
i,I
c,E
 ,O
 ,O
m,B
i,I
n,I
c,I
e,I
d,E
 ,O
1,S
 ,O
c,B
u,I
p,E
 ,O
h,B
a,I
l,I
f,E
 ,O
a,B
n,I
d,E
 ,O
h,B
a,I
l,I
f,E
 ,O
1,S
 ,O
c,B
u,I
p,E
 ,O
m,B
i,I
l,I
k,E
 ,O
2,S
 ,O
t,B
a,I
b,I
l,I
e,I
s,I
p,I
o,I
o,I
n,I
s,E
 ,O
b,B
u,I
t,I
t,I
e,I
r,E
 ,O
4,S
 ,O
t,B
a,I
b,I
l,I
e,I
s,I
p,I
o,I
o,I
n,I
s,E
 ,O
o,B
l,I
i,I
v,I
e,E
 ,O
o,B
i,I
l,E
 ,O
 ,O
d,B
i,I
v,I
i,I
d,I
e,I
d,E
 ,O
i,B
n,E
 ,O
h,B
a,I
l,I
f,E
 ,O
2,S
 ,O
t,B
s,I
p,E
 ,O
a,B
p,E
 ,O
f,B
l,I
o,I
u,I
r,E
 ,O
1,B
2,E
 ,O
c,B
u,I
p,E
 ,O
r,B
o,I
m,I
a,I
n,I
o,E
 ,O
c,B
h,I
e,I
e,I
s,I
e,E
 ,O
1,B
2,E
 ,O
c,B
u,I
p,E
 ,O
s,B
h,I
a,I
v,I
e,I
d,E
 ,O
p,B
a,I
r,I
m,I
e,I
s,I
a,I
n,E
 ,O
c,B
h,I
e,I
e,I
s,I
e,E
 ,O
g,B
r,I
e,I
e,I
n,E
 ,O
o,B
n,I
i,I
o,I
n,I
s,E
 ,O
f,B
o,I
r,E
 ,O
g,B
a,I
r,I
n,I
i,I
s,I
h,E
 ,O
a,B
d,I
d,E
 ,O
2,B
t,E
 ,O
o,B
i,I
l,E
 ,O
t,B
o,E
 ,O
l,B
a,I
r,I
g,I
e,E
 ,O
s,B
t,I
a,I
i,I
n,I
l,I
e,I
s,I
s,E
 ,O
p,B
a,I
n,E
 ,O
 ,O
h,B
e,I
a,I
t,E
 ,O
o,B
v,I
e,I
r,E
 ,O
m,B
e,I
d,I
i,I
u,I
m,E
 ,O
h,B
i,I
g,I
h,E
 ,O
 ,O
a,B
d,I
d,E
 ,O
f,B
r,I
o,I
z,I
e,I
n,E
 ,O
p,B
i,I
e,I
r,I
o,I
g,I
i,E
 ,O
c,B
o,I
o,I
k,E
 ,O
f,B
o,I
r,E
 ,O
6,B
8,E
 ,O
m,B
i,I
n,E
 ,O
p,B
e,I
r,E
 ,O
s,B
i,I
d,I
e,E
 ,O
u,B
n,I
t,I
i,I
l,E
 ,O
g,B
o,I
l,I
d,I
e,I
n,E
 ,O
b,B
r,I
o,I
w,I
n,E
 ,O
o,B
n,E
 ,O
b,B
o,I
t,I
h,E
 ,O
s,B
i,I
d,I
e,I
s,E
 ,O
 ,O
s,B
e,I
t,E
 ,O
a,B
s,I
i,I
d,I
e,E
 ,O
i,B
n,E
 ,O
s,B
a,I
m,I
e,E
 ,O
p,B
a,I
n,E
 ,O
 ,O
a,B
d,I
d,E
 ,O
t,B
h,I
e,E
 ,O
r,B
e,I
m,I
a,I
i,I
n,I
i,I
n,I
g,E
 ,O
o,B
i,I
l,E
 ,O
 ,O
s,B
a,I
m,I
e,E
 ,O
h,B
e,I
a,I
t,E
 ,O
 ,O
a,B
d,I
d,E
 ,O
t,B
h,I
e,E
 ,O
c,B
h,I
i,I
c,I
k,I
e,I
n,E
 ,O
t,B
e,I
n,I
d,I
e,I
r,I
l,I
o,I
i,I
n,E
 ,O
s,B
a,I
l,I
t,I
p,I
e,I
p,I
p,I
e,I
r,E
 ,O
t,B
o,E
 ,O
t,B
a,I
s,I
t,I
e,E
 ,O
 ,O
t,B
u,I
r,I
n,I
i,I
n,I
g,E
 ,O
a,B
f,I
t,I
e,I
r,E
 ,O
3,B
4,E
 ,O
m,B
i,I
n,E
 ,O
 ,O
l,B
i,I
g,I
h,I
t,I
l,I
y,E
 ,O
g,B
o,I
l,I
d,I
e,I
n,E
 ,O
o,B
n,E
 ,O
b,B
o,I
t,I
h,E
 ,O
s,B
i,I
d,I
e,I
s,E
 ,O
 ,O
s,B
e,I
t,E
 ,O
a,B
s,I
i,I
d,I
e,E
 ,O
s,B
e,I
t,E
 ,O
o,B
v,I
e,I
n,E
 ,O
t,B
o,E
 ,O
b,B
r,I
o,I
i,I
l,E
 ,O
a,B
d,I
d,E
 ,O
o,B
n,I
i,I
o,I
n,I
s,E
 ,O
a,B
n,I
d,E
 ,O
b,B
e,I
l,I
l,E
 ,O
p,B
e,I
p,I
p,I
e,I
r,E
 ,O
t,B
o,E
 ,O
p,B
a,I
n,E
 ,O
 ,O
o,B
v,I
e,I
r,E
 ,O
m,B
e,I
d,I
i,I
u,I
m,E
 ,O
h,B
i,I
g,I
h,E
 ,O
 ,O
s,B
a,I
u,I
t,E
 ,O
 ,O
f,B
o,I
r,E
 ,O
6,S
 ,O
m,B
i,I
n,E
 ,O
 ,O
a,B
d,I
d,E
 ,O
s,B
p,I
i,I
n,I
a,I
c,I
h,E
 ,O
 ,O
c,B
o,I
o,I
k,E
 ,O
f,B
o,I
r,E
 ,O
4,S
 ,O
m,B
o,I
r,I
e,E
 ,O
m,B
i,I
n,I
u,I
t,I
e,I
s,E
 ,O
a,B
d,I
d,E
 ,O
b,B
u,I
t,I
t,I
e,I
r,E
 ,O
 ,O
a,B
d,I
d,E
 ,O
g,B
a,I
r,I
l,I
i,I
c,E
 ,O
 ,O
c,B
o,I
o,I
k,E
 ,O
2,S
 ,O
m,B
i,I
n,E
 ,O
u,B
n,I
t,I
i,I
l,E
 ,O
f,B
r,I
a,I
g,I
r,I
a,I
n,I
t,E
 ,O
 ,O
a,B
d,I
d,E
 ,O
f,B
l,I
o,I
u,I
r,E
 ,O
 ,O
s,B
t,I
i,I
r,E
 ,O
t,B
o,E
 ,O
c,B
o,I
m,I
b,I
i,I
n,I
e,E
 ,O
 ,O
c,B
o,I
o,I
k,E
 ,O
1,S
 ,O
m,B
i,I
n,E
 ,O
a,B
d,I
d,E
 ,O
h,B
a,I
l,I
f,E
 ,O
a,B
n,I
d,E
 ,O
h,B
a,I
l,I
f,E
 ,O
s,B
l,I
o,I
w,I
l,I
y,E
 ,O
 ,O
a,B
l,I
l,I
o,I
w,E
 ,O
t,B
o,E
 ,O
c,B
o,I
m,I
e,E
 ,O
b,B
a,I
c,I
k,E
 ,O
t,B
o,E
 ,O
a,S
 ,O
s,B
i,I
m,I
m,I
e,I
r,E
 ,O
 ,O
a,B
d,I
d,E
 ,O
m,B
i,I
l,I
k,E
 ,O
s,B
l,I
o,I
w,I
l,I
y,E
 ,O
 ,O
b,B
r,I
i,I
n,I
g,E
 ,O
b,B
a,I
c,I
k,E
 ,O
t,B
o,E
 ,O
a,S
 ,O
s,B
t,I
r,I
o,I
n,I
g,E
 ,O
s,B
i,I
m,I
m,I
e,I
r,E
 ,O
s,B
i,I
m,I
m,I
e,I
r,E
 ,O
f,B
o,I
r,E
 ,O
2,S
 ,O
m,B
i,I
n,E
 ,O
 ,O
a,B
d,I
d,E
 ,O
t,B
h,I
e,E
 ,O
r,B
o,I
m,I
a,I
n,I
o,E
 ,O
c,B
h,I
e,I
e,I
s,I
e,E
 ,O
 ,O
s,B
t,I
i,I
r,E
 ,O
t,B
o,E
 ,O
c,B
o,I
m,I
b,I
i,I
n,I
e,E
 ,O
a,B
d,I
d,E
 ,O
p,B
i,I
e,I
r,I
o,I
g,I
i,E
 ,O
b,B
a,I
c,I
k,E
 ,O
t,B
o,E
 ,O
p,B
a,I
n,E
 ,O
s,B
a,I
u,I
c,I
e,E
 ,O
 ,O
s,B
t,I
i,I
r,E
 ,O
t,B
o,E
 ,O
c,B
o,I
v,I
e,I
r,E
 ,O
 ,O
r,B
e,I
d,I
u,I
c,I
e,E
 ,O
h,B
e,I
a,I
t,E
 ,O
a,B
n,I
d,E
 ,O
s,B
i,I
m,I
m,I
e,I
r,E
 ,O
f,B
o,I
r,E
 ,O
1,B
2,E
 ,O
m,B
i,I
n,E
 ,O
w,B
h,I
i,I
l,I
e,E
 ,O
s,B
l,I
i,I
c,I
i,I
n,I
g,E
 ,O
c,B
h,I
i,I
c,I
k,I
e,I
n,E
 ,O
 ,O
a,B
d,I
d,E
 ,O
c,B
h,I
i,I
c,I
k,I
e,I
n,E
 ,O
t,B
o,E
 ,O
p,B
a,I
n,E
 ,O
 ,O
t,B
u,I
r,I
n,E
 ,O
o,B
f,I
f,E
 ,O
h,B
e,I
a,I
t,E
 ,O
 ,O
s,B
t,I
i,I
r,E
 ,O
 ,O
p,B
l,I
a,I
t,I
e,E
 ,O
t,B
h,I
e,E
 ,O
p,B
i,I
e,I
r,I
o,I
g,I
i,E
 ,O
 ,O
c,B
h,I
i,I
c,I
k,I
e,I
n,E
 ,O
 ,O
s,B
a,I
u,I
c,I
e,E
 ,O
 ,O
a,B
n,I
d,E
 ,O
v,B
e,I
g,I
g,I
i,I
e,I
s,E
 ,O
i,B
n,E
 ,O
a,S
 ,O
s,B
t,I
o,I
n,I
e,E
 ,O
w,B
a,I
r,I
e,E
 ,O
b,B
o,I
w,I
l,E
 ,O
l,B
i,I
b,I
e,I
r,I
a,I
l,I
l,I
y,E
 ,O
s,B
p,I
r,I
i,I
n,I
k,I
l,I
e,E
 ,O
s,B
h,I
a,I
v,I
e,I
d,E
 ,O
p,B
a,I
r,I
m,I
e,I
s,I
a,I
n,E
 ,O
a,B
n,I
d,E
 ,O
r,B
o,I
m,I
a,I
n,I
o,E
 ,O
o,B
v,I
e,I
r,E
 ,O
d,B
i,I
s,I
h,E
 ,O
 ,O
p,B
l,I
a,I
c,I
e,E
 ,O
i,B
n,E
 ,O
o,B
v,I
e,I
n,E
 ,O
d,B
i,I
r,I
e,I
c,I
t,I
l,I
y,E
 ,O
u,B
n,I
d,I
e,I
r,E
 ,O
b,B
r,I
o,I
i,I
l,I
e,I
r,E
 ,O
f,B
o,I
r,E
 ,O
3,S
 ,O
m,B
i,I
n,E
 ,O
o,B
r,E
 ,O
u,B
n,I
t,I
i,I
l,E
 ,O
g,B
o,I
l,I
d,I
e,I
n,E
 ,O
b,B
r,I
o,I
w,I
n,E
 ,O
g,B
a,I
r,I
n,I
i,I
s,I
h,E
 ,O
w,B
i,I
t,I
h,E
 ,O
g,B
r,I
e,I
e,I
n,E
 ,O
o,B
n,I
i,I
o,I
n,I
s,E
 ,O
 ,O
a,B
n,I
d,E
 ,O
a,S
 ,O
l,B
i,I
t,I
t,I
l,I
e,E
 ,O
s,B
h,I
a,I
v,I
e,I
d,E
 ,O
p,B
a,I
r,I
m,E
 ,O
c,B
a,I
r,I
r,I
o,I
t,E
 ,O
c,B
a,I
k,I
e,E
 ,O
h,B
a,I
s,E
 ,O
a,B
l,I
w,I
a,I
y,I
s,E
 ,O
b,B
a,I
f,I
f,I
l,I
e,I
d,E
 ,O
m,B
e,E
 ,O
 ,O
i,B
t,E
 ,O
t,B
a,I
s,I
t,I
e,I
s,E
 ,O
g,B
o,I
o,I
d,E
 ,O
y,B
e,I
t,E
 ,O
i,B
t,E
 ,O
s,S
 ,O
m,B
a,I
d,I
e,E
 ,O
u,B
s,I
i,I
n,I
g,E
 ,O
v,B
e,I
g,I
e,I
t,I
a,I
b,I
l,I
e,I
s,E
 ,O
i,B
t,E
 ,O
l,B
o,I
o,I
k,I
s,E
 ,O
g,B
r,I
e,I
a,I
t,E
 ,O
 ,O
y,B
o,I
u,E
 ,O
e,B
i,I
t,I
h,I
e,I
r,E
 ,O
w,B
e,I
n,I
t,E
 ,O
e,B
a,I
s,I
y,E
 ,O
o,B
n,E
 ,O
t,B
h,I
e,E
 ,O
o,B
n,I
i,I
o,I
n,E
 ,O
o,B
r,E
 ,O
y,B
o,I
u,E
 ,O
h,B
a,I
d,E
 ,O
o,B
n,I
e,E
 ,O
h,B
e,I
l,I
l,E
 ,O
o,B
f,E
 ,O
a,S
 ,O
f,B
i,I
n,I
e,E
 ,O
c,B
h,I
o,I
p,E
 ,O
o,B
n,E
 ,O
t,B
h,I
e,I
m,E
 ,O
 ,O
i,S
 ,O
c,B
a,I
n,E
 ,O
o,B
n,I
l,I
y,E
 ,O
p,B
i,I
c,I
k,E
 ,O
o,B
n,I
e,E
 ,O
o,B
n,I
i,I
o,I
n,E
 ,O
p,B
i,I
e,I
c,I
e,E
 ,O
o,B
u,I
t,E
 ,O
i,B
n,E
 ,O
t,B
h,I
e,E
 ,O
p,B
h,I
o,I
t,I
o,E
 ,O
 ,O
a,B
l,I
s,I
o,E
 ,O
i,B
s,E
 ,O
t,B
h,I
a,I
t,E
 ,O
t,B
v,I
p,I
v,I
e,I
g,I
g,I
i,I
e,E
 ,O
c,B
r,I
u,I
m,I
b,I
l,I
e,I
s,E
 ,O
i,B
n,E
 ,O
t,B
h,I
e,I
r,I
e,E
 ,O
r,B
a,I
t,I
h,I
e,I
r,E
 ,O
t,B
h,I
a,I
n,E
 ,O
m,B
e,I
a,I
t,E
 ,O
h,B
a,I
v,I
e,E
 ,O
m,B
y,E
 ,O
c,B
h,I
i,I
l,I
d,I
r,I
e,I
n,E
 ,O
o,B
n,I
e,E
 ,O
b,B
l,I
a,I
c,I
k,E
 ,O
m,B
o,I
l,I
e,E
 ,O
e,B
n,I
c,I
h,I
i,I
l,I
a,I
d,I
a,E
 ,O
 ,O
o,B
n,I
e,E
 ,O
r,B
e,I
d,E
 ,O
m,B
o,I
l,I
e,E
 ,O
e,B
n,I
c,I
h,I
i,I
l,I
a,I
d,I
a,E
 ,O
 ,O
c,B
u,I
r,I
e,I
d,E
 ,O
m,B
e,I
a,I
t,E
 ,O
 ,O
s,B
p,I
i,I
c,I
y,E
 ,O
c,B
u,I
r,I
e,I
d,E
 ,O
m,B
e,I
a,I
t,E
 ,O
 ,O
c,B
h,I
o,I
r,I
i,I
z,I
o,E
 ,O
a,B
n,I
d,E
 ,O
o,B
a,I
x,I
a,I
c,I
a,E
 ,O
c,B
h,I
e,I
e,I
s,I
e,E
 ,O
i,S
 ,O
w,B
a,I
s,E
 ,O
p,B
i,I
c,I
t,I
u,I
r,I
i,I
n,I
g,E
 ,O
f,B
r,I
a,I
s,I
i,I
e,I
r,E
 ,O
m,B
a,I
k,I
i,I
n,I
g,E
 ,O
i,B
t,E
 ,O
i,B
n,E
 ,O
a,S
 ,O
h,B
u,I
r,I
r,I
y,E
 ,O
b,B
e,I
c,I
a,I
u,I
s,I
e,E
 ,O
h,B
e,E
 ,O
h,B
a,I
d,E
 ,O
p,B
r,I
o,I
m,I
i,I
s,I
e,I
d,E
 ,O
s,B
o,I
m,I
e,I
o,I
n,I
e,E
 ,O
a,S
 ,O
c,B
a,I
k,I
e,E
 ,O
o,B
r,E
 ,O
s,B
o,I
m,I
e,I
t,I
h,I
i,I
n,I
g,E
 ,O
 ,O
b,B
u,I
t,E
 ,O
t,B
h,I
e,I
n,E
 ,O
i,S
 ,O
s,B
a,I
w,E
 ,O
i,B
t,E
 ,O
w,B
a,I
s,E
 ,O
m,B
u,I
c,I
h,E
 ,O
t,B
o,I
o,E
 ,O
e,B
l,I
e,I
g,I
a,I
n,I
t,E
 ,O
f,B
o,I
r,E
 ,O
h,B
i,I
m,E
 ,O
 ,O
b,B
e,I
s,I
i,I
d,I
e,I
s,E
 ,O
 ,O
i,S
 ,O
w,B
o,I
u,I
l,I
d,E
 ,O
h,B
a,I
v,I
e,E
 ,O
r,B
e,I
m,I
e,I
m,I
b,I
e,I
r,I
e,I
d,E
 ,O
a,B
n,E
 ,O
e,B
p,I
i,I
s,I
o,I
d,I
e,E
 ,O
w,B
i,I
t,I
h,E
 ,O
h,B
i,I
m,E
 ,O
a,B
n,I
d,E
 ,O
i,S
 ,O
c,B
a,I
k,I
e,E
 ,O
i,S
 ,O
t,B
h,I
i,I
n,I
k,E
 ,O
i,S
 ,O
m,S
 ,O
s,B
u,I
r,I
e,E
 ,O
i,B
t,E
 ,O
t,B
a,I
s,I
t,I
e,I
s,E
 ,O
a,B
m,I
a,I
z,I
i,I
n,I
g,E
 ,O
 ,O
b,B
u,I
t,E
 ,O
t,B
h,I
a,I
t,E
 ,O
l,B
o,I
o,I
k,I
s,E
 ,O
l,B
i,I
k,I
e,E
 ,O
i,B
t,I
s,E
 ,O
h,B
a,I
r,I
d,E
 ,O
t,B
o,E
 ,O
k,B
e,I
e,I
p,E
 ,O
d,B
o,I
w,I
n,E
 ,O
m,B
y,E
 ,O
f,B
i,I
r,I
s,I
t,E
 ,O
t,B
r,I
y,E
 ,O
u,B
s,I
i,I
n,I
g,E
 ,O
r,B
e,I
c,I
i,I
p,I
e,E
 ,O
 ,O
h,B
t,I
t,I
p,E
 ,O
 ,O
e,B
n,I
t,I
e,I
r,I
t,I
a,I
i,I
n,I
i,I
n,I
g,I
w,I
i,I
t,I
h,I
b,I
e,I
t,I
h,I
c,I
o,I
m,I
f,I
o,I
o,I
l,I
p,I
r,I
o,I
o,I
f,I
f,I
r,I
e,I
n,I
c,I
h,I
m,I
a,I
c,I
a,I
r,I
o,I
n,I
r,I
e,I
c,I
i,I
p,I
e,I
a,B
r,I
e,E
 ,O
y,B
o,I
u,E
 ,O
s,B
p,I
e,I
l,I
l,I
i,I
n,I
g,E
 ,O
f,B
r,I
a,I
s,I
i,I
e,I
r,E
 ,O
w,B
r,I
o,I
n,I
g,E
 ,O
a,B
n,I
d,E
 ,O
m,B
a,I
k,I
i,I
n,I
g,E
 ,O
a,S
 ,O
c,B
a,I
k,I
e,E
 ,O
u,B
n,I
r,I
e,I
l,I
a,I
t,I
e,I
d,E
 ,O
t,B
o,E
 ,O
f,B
r,I
a,I
s,I
i,I
e,I
r,E
 ,O
 ,O
o,B
r,E
 ,O
i,B
s,E
 ,O
f,B
r,I
a,I
i,I
s,I
i,I
e,I
r,E
 ,O
s,B
o,I
m,I
e,I
t,I
h,I
i,I
n,I
g,E
 ,O
e,B
l,I
s,I
e,I
t,B
h,I
o,I
s,I
e,E
 ,O
t,B
i,I
n,I
y,E
 ,O
h,B
a,I
m,I
b,I
u,I
r,I
g,I
e,I
r,I
s,E
 ,O
l,B
o,I
o,I
k,E
 ,O
d,B
e,I
l,I
i,I
c,I
i,I
o,I
u,I
s,I
i,S
 ,O
d,B
o,E
 ,O
n,B
t,E
 ,O
k,B
n,I
o,I
w,E
 ,O
w,B
h,I
y,E
 ,O
n,B
o,E
 ,O
o,B
n,I
e,E
 ,O
e,B
l,I
s,I
e,E
 ,O
c,B
o,I
m,I
m,I
e,I
n,I
t,I
e,I
d,E
 ,O
b,B
u,I
t,E
 ,O
t,B
h,I
a,I
t,E
 ,O
l,B
o,I
o,I
k,I
s,E
 ,O
g,B
o,I
o,I
d,E
 ,O
a,B
f,E
 ,O
t,B
h,I
e,E
 ,O
o,B
n,I
l,I
y,E
 ,O
g,B
a,I
r,I
n,I
i,I
s,I
h,E
 ,O
i,S
 ,O
n,B
e,I
e,I
d,E
 ,O
f,B
o,I
r,E
 ,O
m,B
y,E
 ,O
m,B
i,I
m,I
o,I
s,I
a,E
 ,O
i,B
s,E
 ,O
a,S
 ,O
s,B
e,I
c,I
o,I
n,I
d,E
 ,O
m,B
i,I
m,I
o,I
s,I
a,E
 ,O
h,B
o,I
w,E
 ,O
d,B
o,E
 ,O
y,B
o,I
u,E
 ,O
c,B
o,I
o,I
k,E
 ,O
t,B
h,I
e,E
 ,O
o,B
c,I
t,I
o,I
p,I
u,I
s,E
 ,O
 ,O
i,S
 ,O
f,B
i,I
n,I
d,E
 ,O
i,B
t,E
 ,O
r,B
e,I
a,I
l,I
l,I
y,E
 ,O
h,B
a,I
r,I
d,E
 ,O
t,B
o,E
 ,O
d,B
o,E
 ,O
c,B
o,I
r,I
r,I
e,I
c,I
t,I
l,I
y,E
 ,O
m,B
e,I
t,I
h,I
o,I
d,E
 ,O
 ,O
i,B
n,I
s,I
t,I
r,I
u,I
c,I
t,I
i,I
o,I
n,I
s,E
 ,O
a,B
n,I
d,E
 ,O
p,B
r,I
o,I
c,I
e,I
e,I
d,E
 ,O
t,B
o,E
 ,O
s,B
k,I
i,I
m,I
p,E
 ,O
o,B
n,E
 ,O
t,B
h,I
e,E
 ,O
m,B
e,I
a,I
t,E
 ,O
i,B
n,E
 ,O
t,B
h,I
e,E
 ,O
s,B
a,I
n,I
d,I
w,I
i,I
c,I
h,I
e,I
s,I
d,B
o,E
 ,O
y,B
o,I
u,E
 ,O
h,B
a,I
v,I
e,E
 ,O
t,B
h,I
e,E
 ,O
r,B
e,I
c,I
i,I
p,I
e,E
 ,O
f,B
o,I
r,E
 ,O
m,B
e,E
 ,O
 ,O
l,B
o,I
o,I
k,I
s,E
 ,O
d,B
e,I
l,I
i,I
c,I
i,I
o,I
u,I
s,E
 ,O
 ,O
 ,O
c,B
t,I
h,I
u,I
l,I
h,I
u,E
 ,O
s,B
a,I
l,I
a,I
d,E
 ,O
 ,O
c,B
o,I
u,I
n,I
t,E
 ,O
m,B
e,E
 ,O
i,B
n,E
 ,O
r,B
r,I
e,I
u,I
b,I
e,I
n,I
s,I
s,B
e,I
r,I
i,I
o,I
u,I
s,E
 ,O
q,B
u,I
e,I
s,I
t,I
i,I
o,I
n,E
 ,O
i,S
 ,O
t,B
h,I
o,I
u,I
g,I
h,I
t,E
 ,O
s,B
m,I
o,I
k,I
e,I
d,E
 ,O
c,B
o,I
r,I
n,I
e,I
d,E
 ,O
b,B
e,I
e,I
f,E
 ,O
w,B
i,I
t,I
h,E
 ,O
a,B
n,E
 ,O
o,B
u,I
t,I
e,I
r,E
 ,O
c,B
o,I
a,I
t,I
i,I
n,I
g,E
 ,O
o,B
f,E
 ,O
b,B
l,I
a,I
c,I
k,E
 ,O
p,B
e,I
p,I
p,I
e,I
r,E
 ,O
w,B
a,I
s,E
 ,O
p,B
a,I
s,I
t,I
r,I
a,I
m,I
i,E
 ,O
a,B
n,I
y,I
o,I
n,I
e,E
 ,O
k,B
n,I
o,I
w,E
 ,O
t,B
h,I
e,E
 ,O
d,B
i,I
f,I
f,I
e,I
r,I
e,I
n,I
c,I
e,E
 ,O
b,B
e,I
t,I
w,I
e,I
e,I
n,E
 ,O
c,B
o,I
r,I
n,I
e,I
d,E
 ,O
b,B
e,I
e,I
f,E
 ,O
a,B
m,I
p,E
 ,O
 ,O
p,B
a,I
s,I
t,I
r,I
a,I
m,I
i,E
 ,O
i,S
 ,O
v,B
e,E
 ,O
n,B
e,I
v,I
e,I
r,E
 ,O
h,B
a,I
d,E
 ,O
a,S
 ,O
b,B
a,I
d,E
 ,O
r,B
e,I
u,I
b,I
e,I
n,E
 ,O
b,B
e,I
f,I
o,I
r,I
e,I
i,S
 ,O
m,S
 ,O
a,S
 ,O
h,B
u,I
g,I
e,E
 ,O
f,B
a,I
n,E
 ,O
o,B
f,E
 ,O
c,B
o,I
m,I
p,I
o,I
s,I
e,I
d,E
 ,O
s,B
a,I
l,I
a,I
d,I
s,E
 ,O
l,B
i,I
k,I
e,E
 ,O
t,B
h,I
i,I
s,E
 ,O
l,B
o,I
o,I
k,I
s,E
 ,O
v,B
e,I
r,I
y,E
 ,O
n,B
i,I
c,I
e,I
g,B
r,I
e,I
a,I
t,E
 ,O
l,B
o,I
o,I
k,I
i,I
n,I
g,E
 ,O
m,B
e,I
a,I
t,E
 ,O
i,S
 ,O
l,B
i,I
k,I
e,E
 ,O
m,B
i,I
n,I
e,E
 ,O
s,B
l,I
o,I
p,I
p,I
y,E
 ,O
t,B
h,I
o,I
u,I
g,I
h,E
 ,O
 ,O
w,B
i,I
t,I
h,E
 ,O
l,B
o,I
t,I
s,E
 ,O
o,B
f,E
 ,O
s,B
a,I
u,I
e,I
r,I
k,I
r,I
a,I
u,I
t,E
 ,O
a,B
n,I
d,E
 ,O
d,B
r,I
e,I
s,I
s,I
i,I
n,I
g,E
 ,O
f,B
u,I
c,I
k,E
 ,O
m,B
e,E
 ,O
 ,O
t,B
h,I
a,I
t,E
 ,O
s,S
 ,O
a,B
m,I
a,I
z,I
i,I
n,I
g,E
 ,O
c,B
a,I
n,E
 ,O
y,B
o,I
u,E
 ,O
p,B
l,I
e,I
a,I
s,I
e,E
 ,O
p,B
u,I
t,E
 ,O
i,B
n,I
s,I
t,I
r,I
u,I
c,I
t,I
i,I
o,I
n,I
s,E
 ,O
a,B
n,I
d,E
 ,O
r,B
e,I
c,I
i,I
p,I
e,E
 ,O
t,B
h,I
a,I
t,E
 ,O
l,B
o,I
o,I
k,I
s,E
 ,O
i,B
n,I
c,I
r,I
e,I
d,I
i,I
b,I
l,I
e,I
m,B
o,I
r,I
b,I
i,I
d,I
b,B
e,I
a,I
u,I
t,I
i,I
f,I
u,I
l,E
 ,O
h,B
o,I
w,E
 ,O
d,B
o,E
 ,O
r,B
i,I
b,I
s,E
 ,O
b,B
r,I
e,I
a,I
k,E
 ,O
d,B
o,I
w,I
n,E
 ,O
i,B
n,E
 ,O
t,B
h,I
e,E
 ,O
s,B
o,I
u,I
s,E
 ,O
v,B
i,I
d,I
e,E
 ,O
 ,O
m,B
a,I
y,E
 ,O
i,S
 ,O
a,B
s,I
k,E
 ,O
h,B
o,I
w,E
 ,O
m,B
u,I
c,I
h,E
 ,O
y,B
o,I
u,I
r,E
 ,O
m,B
a,I
c,I
h,I
i,I
n,I
e,E
 ,O
c,B
o,I
s,I
t,I
s,E
 ,O
a,B
n,I
d,E
 ,O
w,B
h,I
a,I
t,E
 ,O
k,B
i,I
n,I
d,E
 ,O
 ,O
c,B
o,I
o,I
k,I
i,I
n,I
g,E
 ,O
i,B
s,E
 ,O
m,B
y,E
 ,O
p,B
a,I
s,I
s,I
i,I
o,I
n,E
 ,O
 ,O
b,B
u,I
t,E
 ,O
t,B
h,I
e,I
y,E
 ,O
a,B
r,I
e,E
 ,O
s,B
u,I
c,I
h,E
 ,O
e,B
x,I
p,I
e,I
n,I
s,I
i,I
v,I
e,E
 ,O
a,B
n,I
d,E
 ,O
l,B
i,I
m,I
i,I
t,I
e,I
d,E
 ,O
r,B
e,I
a,I
l,E
 ,O
e,B
s,I
t,I
a,I
t,I
e,E
 ,O
i,B
n,E
 ,O
m,B
y,E
 ,O
s,B
m,I
a,I
l,I
l,E
 ,O
k,B
i,I
t,I
c,I
h,I
e,I
n,E
 ,O
c,B
a,I
n,E
 ,O
i,S
 ,O
h,B
a,I
v,I
e,E
 ,O
o,B
n,I
e,E
 ,O
 ,O
t,B
h,I
a,I
t,E
 ,O
l,B
o,I
o,I
k,I
s,E
 ,O
a,B
m,I
a,I
z,I
i,I
n,I
g,E
 ,O
o,B
r,I
a,I
n,I
g,I
e,E
 ,O
b,B
l,I
o,I
s,I
s,I
o,I
m,E
 ,O
o,B
i,I
l,E
 ,O
i,B
n,E
 ,O
t,B
h,I
e,E
 ,O
w,B
h,I
i,I
t,I
e,E
 ,O
c,B
h,I
o,I
c,I
o,I
l,I
a,I
t,I
e,E
 ,O
g,B
a,I
n,I
a,I
c,I
h,I
e,E
 ,O
f,B
i,I
l,I
l,I
i,I
n,I
g,E
 ,O
t,B
h,I
i,I
s,E
 ,O
i,B
s,E
 ,O
m,B
y,E
 ,O
6,B
t,I
h,E
 ,O
o,B
r,E
 ,O
7,B
t,I
h,E
 ,O
b,B
a,I
t,I
c,I
h,E
 ,O
s,B
u,I
c,I
h,E
 ,O
a,S
 ,O
f,B
r,I
u,I
s,I
t,I
r,I
a,I
t,I
i,I
n,I
g,E
 ,O
l,B
e,I
a,I
r,I
n,I
i,I
n,I
g,E
 ,O
e,B
x,I
p,I
e,I
r,I
i,I
e,I
n,I
c,I
e,E
 ,O
 ,O
a,S
 ,O
f,B
i,I
n,I
i,I
c,I
k,I
y,E
 ,O
p,B
a,I
s,I
t,I
r,I
y,E
 ,O
 ,O
i,B
n,I
d,I
e,I
e,I
d,E
 ,O
i,S
 ,O
c,B
a,I
n,E
 ,O
b,B
e,E
 ,O
q,B
u,I
i,I
t,I
e,E
 ,O
t,B
h,I
e,E
 ,O
s,B
h,I
o,I
w,E
 ,O
a,B
d,I
d,I
i,I
c,I
t,E
 ,O
 ,O
a,B
n,I
d,E
 ,O
i,S
 ,O
v,B
e,E
 ,O
s,B
e,I
e,I
n,E
 ,O
s,B
o,I
m,I
e,E
 ,O
g,B
r,I
e,I
a,I
t,E
 ,O
s,B
h,I
o,I
w,I
s,E
 ,O
o,B
n,E
 ,O
f,B
o,I
o,I
d,E
 ,O
i,S
 ,O
d,S
 ,O
l,B
o,I
v,I
e,E
 ,O
t,B
o,E
 ,O
h,B
e,I
a,I
r,E
 ,O
w,B
h,I
a,I
t,E
 ,O
s,B
o,I
m,I
e,E
 ,O
o,B
f,E
 ,O
r,B
f,I
o,I
o,I
d,E
 ,O
s,S
 ,O
f,B
a,I
v,I
o,I
r,I
i,I
t,I
e,I
s,E
 ,O
a,B
r,I
e,E
 ,O
 ,O
h,B
e,I
r,I
e,E
 ,O
a,B
r,I
e,E
 ,O
s,B
o,I
m,I
e,E
 ,O
o,B
f,E
 ,O
t,B
h,I
e,E
 ,O
s,B
h,I
o,I
w,I
s,E
 ,O
i,S
 ,O
r,B
e,I
a,I
l,I
l,I
y,E
 ,O
e,B
n,I
j,I
o,I
y,I
e,I
d,E
 ,O
 ,O
j,B
i,I
r,I
o,E
 ,O
d,B
r,I
e,I
a,I
m,I
s,E
 ,O
o,B
f,E
 ,O
s,B
u,I
s,I
h,I
i,E
 ,O
 ,O
i,S
 ,O
p,B
e,I
r,I
s,I
o,I
n,I
a,I
l,I
l,I
y,E
 ,O
l,B
o,I
v,I
e,E
 ,O
s,B
u,I
s,I
h,I
i,E
 ,O
 ,O
i,B
t,E
 ,O
s,S
 ,O
h,B
a,I
n,I
d,I
s,E
 ,O
d,B
o,I
w,I
n,E
 ,O
m,B
y,E
 ,O
f,B
a,I
v,I
o,I
r,I
i,I
t,I
e,E
 ,O
f,B
o,I
o,I
d,E
 ,O
t,B
h,I
i,I
s,E
 ,O
d,B
o,I
c,I
u,I
m,I
e,I
n,I
t,I
a,I
r,I
y,E
 ,O
r,B
e,I
v,I
o,I
l,I
v,I
e,I
s,E
 ,O
a,B
r,I
o,I
u,I
n,I
d,E
 ,O
j,B
i,I
r,I
o,E
 ,O
w,B
h,I
o,E
 ,O
h,B
a,I
s,E
 ,O
d,B
e,I
d,I
i,I
c,I
a,I
t,I
e,I
d,E
 ,O
h,B
i,I
s,E
 ,O
e,B
n,I
t,I
i,I
r,I
e,E
 ,O
l,B
i,I
f,I
e,E
 ,O
t,B
o,E
 ,O
p,B
e,I
r,I
f,I
e,I
c,I
t,I
i,I
n,I
g,E
 ,O
h,B
i,I
s,E
 ,O
c,B
r,I
a,I
f,I
t,E
 ,O
t,B
h,I
e,E
 ,O
a,B
r,I
t,E
 ,O
o,B
f,E
 ,O
m,B
a,I
k,I
i,I
n,I
g,E
 ,O
s,B
u,I
s,I
h,I
i,E
 ,O
 ,O
m,B
a,I
s,I
t,I
e,I
r,I
c,I
h,I
e,I
f,E
 ,O
 ,O
m,B
y,E
 ,O
f,B
a,I
v,I
o,I
r,I
i,I
t,I
e,E
 ,O
o,B
f,E
 ,O
t,B
h,I
e,E
 ,O
m,B
a,I
n,I
y,E
 ,O
s,B
h,I
o,I
w,I
s,E
 ,O
t,B
h,I
a,I
t,E
 ,O
f,B
o,I
l,I
l,I
o,I
w,E
 ,O
t,B
h,I
e,E
 ,O
r,B
o,I
u,I
n,I
d,E
 ,O
b,B
y,E
 ,O
r,B
o,I
u,I
n,I
d,E
 ,O
e,B
l,I
i,I
m,I
i,I
n,I
a,I
t,I
i,I
o,I
n,E
 ,O
s,B
t,I
y,I
l,I
e,E
 ,O
i,S
 ,O
t,B
h,I
i,I
n,I
k,E
 ,O
t,B
h,I
e,E
 ,O
j,B
u,I
d,I
g,I
i,I
n,I
g,E
 ,O
i,B
s,E
 ,O
p,B
r,I
e,I
t,I
t,I
y,E
 ,O
b,B
i,I
a,I
s,I
e,I
d,E
 ,O
h,B
o,I
w,I
e,I
v,I
e,I
r,E
 ,O
 ,O
t,B
h,I
e,I
y,E
 ,O
s,B
e,I
e,I
m,E
 ,O
t,B
o,E
 ,O
p,B
i,I
c,I
k,E
 ,O
m,B
o,I
r,I
e,E
 ,O
f,B
o,I
r,E
 ,O
t,B
h,I
e,E
 ,O
a,B
u,I
d,I
i,I
e,I
n,I
c,I
e,E
 ,O
a,B
n,I
d,E
 ,O
r,B
a,I
t,I
i,I
n,I
g,I
s,E
 ,O
t,B
h,I
a,I
n,E
 ,O
a,B
c,I
t,I
u,I
a,I
l,E
 ,O
f,B
o,I
o,I
d,E
 ,O
 ,O
e,B
s,I
p,I
e,I
c,I
i,I
a,I
l,I
l,I
y,E
 ,O
w,B
h,I
e,I
n,E
 ,O
i,B
t,E
 ,O
s,S
 ,O
a,S
 ,O
c,B
l,I
o,I
s,I
e,E
 ,O
r,B
a,I
c,I
e,E
 ,O
 ,O
i,B
r,I
o,I
n,E
 ,O
c,B
h,I
e,I
f,E
 ,O
 ,O
t,B
h,I
i,I
s,E
 ,O
s,B
h,I
o,I
w,E
 ,O
t,B
r,I
u,I
l,I
y,E
 ,O
s,B
h,I
o,I
w,I
c,I
a,I
s,I
e,I
s,E
 ,O
p,B
e,I
o,I
p,I
l,I
e,E
 ,O
w,B
h,I
o,E
 ,O
h,B
a,I
v,I
e,E
 ,O
s,B
p,I
e,I
n,I
t,E
 ,O
a,S
 ,O
l,B
a,I
r,I
g,I
e,E
 ,O
p,B
o,I
r,I
t,I
i,I
o,I
n,E
 ,O
f,B
o,E
 ,O
t,B
h,I
e,I
i,I
r,E
 ,O
l,B
i,I
f,I
e,E
 ,O
i,B
n,E
 ,O
t,B
h,I
e,E
 ,O
k,B
i,I
t,I
c,I
h,I
e,I
n,E
 ,O
y,B
o,I
u,E
 ,O
w,B
a,I
t,I
c,I
h,E
 ,O
t,B
w,I
o,E
 ,O
m,B
a,I
s,I
t,I
e,I
r,I
s,E
 ,O
b,B
a,I
t,I
t,I
l,I
e,E
 ,O
i,B
t,E
 ,O
o,B
u,I
t,E
 ,O
a,B
n,I
d,E
 ,O
p,B
u,I
t,E
 ,O
o,B
u,I
t,E
 ,O
s,B
o,I
m,I
e,E
 ,O
r,B
e,I
a,I
l,I
l,I
y,E
 ,O
c,B
r,I
e,I
a,I
t,I
i,I
v,I
e,E
 ,O
a,B
n,I
d,E
 ,O
g,B
r,I
e,I
a,I
t,E
 ,O
l,B
o,I
o,I
k,E
 ,O
d,B
i,I
s,I
h,I
e,I
s,E
 ,O
a,B
l,I
s,I
o,E
 ,O
c,B
h,I
e,I
f,E
 ,O
m,B
o,I
r,I
i,I
m,I
o,I
t,I
o,E
 ,O
i,B
s,E
 ,O
a,S
 ,O
b,B
a,I
d,E
 ,O
a,B
s,I
s,E
 ,O
 ,O
s,B
h,I
o,I
k,I
u,I
g,I
e,I
k,I
i,E
 ,O
n,B
o,E
 ,O
s,B
o,I
u,I
m,I
a,E
 ,O
 ,O
f,B
o,I
o,I
d,E
 ,O
w,B
a,I
r,I
s,E
 ,O
 ,O
 ,O
a,B
n,E
 ,O
a,B
n,I
i,I
m,I
a,I
t,I
e,I
d,E
 ,O
 ,O
a,B
n,I
i,I
m,I
e,E
 ,O
 ,O
s,B
e,I
r,I
i,I
e,I
s,E
 ,O
c,B
e,I
n,I
t,I
e,I
r,E
 ,O
a,B
r,I
o,I
u,I
n,I
d,E
 ,O
f,B
o,I
o,I
d,E
 ,O
b,B
a,I
t,I
t,I
l,I
e,I
s,E
 ,O
i,B
f,E
 ,O
a,B
n,I
i,I
m,I
e,E
 ,O
i,B
s,E
 ,O
y,B
o,I
u,I
r,E
 ,O
t,B
h,I
i,I
n,I
g,E
 ,O
y,B
o,I
u,E
 ,O
l,B
l,E
 ,O
p,B
r,I
o,I
b,I
a,I
b,I
l,I
y,E
 ,O
e,B
n,I
j,I
o,I
y,E
 ,O
i,B
t,E
 ,O
 ,O
i,S
 ,O
s,B
u,I
r,I
e,E
 ,O
d,B
i,I
d,E
 ,O
g,B
r,I
e,I
a,I
t,E
 ,O
 ,O
n,B
o,I
w,E
 ,O
i,S
 ,O
w,B
a,I
n,I
t,E
 ,O
a,S
 ,O
 ,O
f,B
i,I
l,I
e,I
t,I
o,I
f,I
i,I
s,I
h,E
 ,O
 ,O
 ,O
h,B
t,I
t,I
p,I
s,E
 ,O
 ,O
m,B
c,I
d,I
o,I
n,I
a,I
l,I
d,I
s,I
c,I
o,I
m,I
a,I
u,I
s,I
i,I
t,I
e,I
s,I
m,I
c,I
d,I
o,I
n,I
a,I
l,I
d,I
s,I
c,I
o,I
m,I
a,I
u,I
f,I
i,I
l,I
e,I
s,I
h,I
e,I
r,I
o,I
_,I
p,I
d,I
t,I
_,I
f,I
i,I
l,I
e,I
t,I
o,I
f,I
i,I
s,I
h,I
p,I
n,I
g,E
 ,O
w,B
h,I
e,I
n,E
 ,O
m,B
a,I
c,I
a,I
r,I
o,I
n,I
s,E
 ,O
a,B
r,I
e,E
 ,O
b,B
a,I
k,I
e,I
d,E
 ,O
t,B
h,I
e,E
 ,O
t,B
o,I
p,E
 ,O
s,B
h,I
e,I
l,I
l,E
 ,O
l,B
a,I
y,I
e,I
r,E
 ,O
o,B
f,E
 ,O
t,B
h,I
e,E
 ,O
m,B
a,I
c,I
a,I
r,I
o,I
n,E
 ,O
c,B
o,I
o,I
k,I
s,E
 ,O
a,B
n,I
d,E
 ,O
i,B
t,E
 ,O
m,B
e,I
a,I
n,I
s,E
 ,O
t,B
h,I
a,I
t,E
 ,O
t,B
h,I
e,E
 ,O
m,B
a,I
c,I
a,I
r,I
o,I
n,E
 ,O
c,B
a,I
n,E
 ,O
n,B
o,E
 ,O
l,B
o,I
n,I
g,I
e,I
r,E
 ,O
e,B
x,I
p,I
a,I
n,I
d,E
 ,O
a,B
n,I
d,E
 ,O
m,B
u,I
s,I
t,E
 ,O
r,B
i,I
s,I
e,E
 ,O
u,B
p,E
 ,O
 ,O
t,B
h,I
i,I
s,E
 ,O
f,B
o,I
r,I
m,I
s,E
 ,O
a,S
 ,O
f,B
r,I
i,I
l,I
l,I
e,I
d,E
 ,O
r,B
u,I
f,I
f,I
l,I
e,E
 ,O
o,B
r,E
 ,O
f,B
o,I
o,I
t,E
 ,O
t,B
h,I
a,I
t,E
 ,O
m,B
a,I
c,I
a,I
r,I
o,I
n,E
 ,O
h,B
a,I
s,E
 ,O
t,B
h,I
e,E
 ,O
m,B
o,I
s,I
t,E
 ,O
p,B
e,I
r,I
f,I
e,I
c,I
t,E
 ,O
f,B
e,I
e,I
t,E
 ,O
i,S
 ,O
t,B
h,I
i,I
n,I
k,E
 ,O
i,S
 ,O
v,B
e,E
 ,O
e,B
v,I
e,I
r,E
 ,O
s,B
e,I
e,I
n,E
 ,O
n,B
o,E
 ,O
e,B
x,I
p,I
a,I
n,I
s,I
i,I
o,I
n,E
 ,O
o,B
u,I
t,E
 ,O
 ,O
j,B
u,I
s,I
t,E
 ,O
s,B
t,I
r,I
a,I
i,I
g,I
h,I
t,E
 ,O
u,B
p,E
 ,O
s,B
e,I
r,I
i,I
o,I
u,I
s,I
l,I
y,E
 ,O
i,B
m,I
p,I
r,I
e,I
s,I
s,I
e,I
d,E
 ,O
a,B
n,I
d,E
 ,O
e,B
n,I
v,I
i,I
o,I
u,I
s,E
 ,O
n,B
i,I
c,I
e,I
l,I
y,E
 ,O
d,B
o,I
n,I
e,E
 ,O
 ,O
i,S
 ,O
w,B
i,I
l,I
l,E
 ,O
h,B
a,I
v,I
e,E
 ,O
t,B
o,E
 ,O
u,B
s,I
e,E
 ,O
t,B
h,I
a,I
t,E
 ,O
o,B
v,I
e,I
n,E
 ,O
t,B
e,I
m,I
p,E
 ,O
t,B
r,I
i,I
c,I
k,E
 ,O
 ,O
o,B
f,I
t,I
e,I
n,E
 ,O
a,S
 ,O
p,B
o,I
r,I
t,I
i,I
o,I
n,E
 ,O
o,B
f,E
 ,O
m,B
i,I
n,I
e,E
 ,O
e,B
n,I
d,E
 ,O
u,B
p,E
 ,O
h,B
o,I
l,I
l,I
o,I
w,E
 ,O
b,B
u,I
t,E
 ,O
t,B
h,I
e,I
y,E
 ,O
s,B
t,I
i,I
l,I
l,E
 ,O
t,B
a,I
k,I
e,E
 ,O
d,B
e,I
c,I
e,I
n,I
t,E
 ,O
p,B
i,I
c,I
t,I
u,I
r,I
e,I
s,E
 ,O
n,B
o,I
w,E
 ,O
t,B
h,I
a,I
t,E
 ,O
t,B
o,I
o,I
k,E
 ,O
s,B
o,I
m,I
e,E
 ,O
s,B
k,I
i,I
l,I
l,I
s,E
 ,O
t,B
h,I
o,I
s,I
e,E
 ,O
a,B
r,I
e,E
 ,O
p,B
e,I
r,I
f,I
e,I
c,I
t,E
 ,O
i,B
s,E
 ,O
t,B
h,I
e,I
r,I
e,E
 ,O
b,B
y,E
 ,O
c,B
h,I
a,I
n,I
c,I
e,E
 ,O
a,S
 ,O
r,B
e,I
c,I
i,I
p,I
e,E
 ,O
 ,O
t,B
h,I
e,I
s,I
e,E
 ,O
l,B
o,I
o,I
k,E
 ,O
a,B
b,I
s,I
o,I
l,I
u,I
t,I
e,I
l,I
y,E
 ,O
l,B
o,I
v,I
e,I
l,I
y,E
 ,O
i,S
 ,O
v,B
e,E
 ,O
n,B
e,I
v,I
e,I
r,E
 ,O
e,B
a,I
t,I
e,I
n,E
 ,O
a,S
 ,O
m,B
a,I
c,I
a,I
r,I
o,I
n,E
 ,O
w,B
h,I
a,I
t,E
 ,O
d,B
o,E
 ,O
t,B
h,I
e,I
y,E
 ,O
t,B
a,I
s,I
t,I
e,E
 ,O
l,B
i,I
k,I
e,E
 ,O
 ,O
 ,O
t,B
h,I
e,I
y,E
 ,O
l,B
o,I
o,I
k,E
 ,O
g,B
o,I
o,I
d,E
 ,O
h,B
o,I
l,I
y,E
 ,O
s,B
h,I
i,I
t,E
 ,O
 ,O
g,B
o,I
r,I
g,I
e,I
o,I
u,I
s,E
 ,O
f,B
e,I
e,I
t,I
a,B
l,I
w,I
a,I
y,I
s,E
 ,O
h,B
e,I
a,I
r,I
d,E
 ,O
t,B
h,I
e,I
s,I
e,E
 ,O
w,B
e,I
r,I
e,E
 ,O
i,B
n,I
c,I
r,I
e,I
d,I
i,I
b,I
l,I
y,E
 ,O
h,B
a,I
r,I
d,E
 ,O
t,B
o,E
 ,O
m,B
a,I
k,I
e,E
 ,O
g,B
o,I
o,I
d,E
 ,O
j,B
o,I
b,E
 ,O
 ,O
a,S
 ,O
s,B
p,I
o,I
t,E
 ,O
i,B
n,E
 ,O
m,B
y,E
 ,O
c,B
i,I
t,I
y,E
 ,O
m,B
a,I
k,I
e,I
s,E
 ,O
t,B
h,I
e,E
 ,O
m,B
o,I
s,I
t,E
 ,O
d,B
e,I
l,I
i,I
c,I
i,I
o,I
u,I
s,E
 ,O
p,B
i,I
s,I
t,I
a,I
c,I
h,I
i,I
o,E
 ,O
m,B
a,I
c,I
a,I
r,I
o,I
n,I
s,E
 ,O
i,S
 ,O
w,B
i,I
l,I
l,E
 ,O
h,B
a,I
v,I
e,E
 ,O
t,B
o,E
 ,O
t,B
r,I
y,E
 ,O
t,B
h,I
i,I
s,E
 ,O
o,B
n,E
 ,O
m,B
y,E
 ,O
o,B
w,I
n,E
 ,O
s,B
o,I
m,I
e,E
 ,O
d,B
a,I
y,E
 ,O
a,B
m,I
a,I
z,I
i,I
n,I
g,E
 ,O
f,B
o,I
o,I
t,I
i,I
n,I
g,I
l,B
o,I
o,I
k,I
s,E
 ,O
v,B
e,I
r,I
y,E
 ,O
t,B
a,I
s,I
t,I
e,I
y,E
 ,O
m,B
a,I
c,I
a,I
r,I
o,I
o,I
n,I
s,E
 ,O
i,B
n,I
t,I
i,I
m,I
i,I
d,I
a,I
t,I
e,E
 ,O
m,B
e,E
 ,O
t,B
h,I
o,I
u,I
g,I
h,E
 ,O
o,B
n,I
e,E
 ,O
d,B
a,I
y,E
 ,O
m,B
a,I
y,I
b,I
e,E
 ,O
i,S
 ,O
w,B
i,I
l,I
l,E
 ,O
t,B
r,I
y,E
 ,O
m,B
y,E
 ,O
h,B
a,I
n,I
d,E
 ,O
a,B
t,E
 ,O
t,B
h,I
e,I
m,I
i,S
 ,O
w,B
a,I
s,E
 ,O
g,B
o,I
n,E
 ,O
n,B
a,E
 ,O
s,B
a,I
y,E
 ,O
t,B
h,I
o,I
s,I
e,E
 ,O
l,B
o,I
o,I
k,E
 ,O
l,B
i,I
k,I
e,E
 ,O
h,B
u,I
g,I
e,E
 ,O
c,B
a,I
v,I
i,I
a,I
r,E
 ,O
t,B
i,I
n,I
s,E
 ,O
 ,O
t,B
h,I
e,I
n,E
 ,O
i,S
 ,O
d,B
i,I
s,I
c,I
o,I
v,I
e,I
r,I
e,I
d,E
 ,O
t,B
h,I
e,E
 ,O
h,B
a,I
l,I
f,E
 ,O
s,B
i,I
z,I
e,I
d,E
 ,O
b,B
o,I
t,I
t,I
l,I
e,E
 ,O
o,B
f,E
 ,O
b,B
u,I
b,I
b,I
l,I
y,E
 ,O
m,B
a,I
s,I
t,I
e,I
r,E
 ,O
c,B
h,I
e,I
f,E
 ,O
j,B
r,E
 ,O
i,B
s,E
 ,O
t,B
h,I
e,E
 ,O
b,B
e,I
s,I
t,E
 ,O
w,B
o,I
w,E
 ,O
 ,O
l,B
e,I
g,I
i,I
t,I
i,I
m,I
a,I
t,I
e,I
l,I
y,E
 ,O
i,B
m,I
p,I
r,I
e,I
s,I
s,I
e,I
d,E
 ,O
o,B
n,I
l,I
y,E
 ,O
f,B
o,I
o,I
d,E
 ,O
i,S
 ,O
h,B
a,I
v,I
e,E
 ,O
t,B
r,I
i,I
e,I
d,E
 ,O
a,B
n,I
d,E
 ,O
f,B
a,I
i,I
l,I
e,I
d,E
 ,O
a,B
t,E
 ,O
a,B
n,I
d,E
 ,O
t,B
h,I
o,I
s,I
e,E
 ,O
l,B
o,I
o,I
k,E
 ,O
r,B
e,I
a,I
l,I
l,I
y,E
 ,O
w,B
e,I
l,I
l,E
 ,O
e,B
x,I
e,I
c,I
u,I
t,I
e,I
d,E
 ,O
i,B
t,E
 ,O
s,S
 ,O
b,B
e,I
a,I
u,I
t,I
i,I
f,I
u,I
l,E
 ,O
i,S
 ,O
v,B
e,E
 ,O
w,B
a,I
t,I
c,I
h,I
e,I
d,E
 ,O
a,B
l,I
l,E
 ,O
t,B
h,I
o,I
s,I
e,E
 ,O
 ,O
m,B
a,I
y,I
b,I
e,E
 ,O
y,B
o,I
u,E
 ,O
d,S
 ,O
a,B
l,I
s,I
o,E
 ,O
e,B
n,I
j,I
o,I
y,E
 ,O
g,B
o,I
o,I
d,E
 ,O
e,B
a,I
t,I
s,E
 ,O
a,B
n,I
d,E
 ,O
c,B
h,I
o,I
p,I
p,I
e,I
d,E
 ,O
i,B
f,E
 ,O
y,B
o,I
u,E
 ,O
d,B
o,E
 ,O
n,B
t,E
 ,O
a,B
l,I
r,I
e,I
a,I
d,I
y,E
 ,O
t,B
r,I
e,I
m,I
e,E
 ,O
i,B
t,E
 ,O
e,B
n,I
d,I
e,I
d,E
 ,O
a,S
 ,O
f,B
e,I
w,E
 ,O
y,B
e,I
a,I
r,I
s,E
 ,O
a,B
g,I
o,E
 ,O
b,B
u,I
t,E
 ,O
y,B
o,I
u,E
 ,O
c,B
a,I
n,E
 ,O
s,B
t,I
i,I
l,I
l,E
 ,O
f,B
i,I
n,I
d,E
 ,O
i,B
t,E
 ,O
o,B
n,E
 ,O
h,B
b,I
o,E
 ,O
o,B
n,I
l,I
i,I
n,I
e,E
 ,O
y,B
e,I
s,E
 ,O
 ,O
i,B
t,E
 ,O
s,S
 ,O
a,B
b,I
o,I
u,I
t,E
 ,O
m,B
o,I
r,I
e,E
 ,O
t,B
h,I
a,I
n,E
 ,O
f,B
o,I
o,I
d,E
 ,O
 ,O
m,B
u,I
s,I
i,I
c,E
 ,O
 ,O
p,B
o,I
l,I
i,I
t,I
i,I
c,I
s,E
 ,O
 ,O
c,B
o,I
r,I
r,I
u,I
p,I
t,I
i,I
o,I
n,E
 ,O
 ,O
e,B
t,I
c,E
 ,O
i,B
n,E
 ,O
n,B
e,I
w,E
 ,O
o,B
r,I
l,I
e,I
a,I
n,I
s,E
 ,O
i,B
n,E
 ,O
t,B
h,I
e,E
 ,O
y,B
e,I
a,I
r,I
s,E
 ,O
a,B
f,I
t,I
e,I
r,E
 ,O
k,B
a,I
t,I
r,I
i,I
n,I
a,E
 ,O
 ,O
b,B
u,I
t,E
 ,O
t,B
h,I
e,E
 ,O
r,B
e,I
s,I
t,I
a,I
u,I
r,I
a,I
n,I
t,I
s,E
 ,O
a,B
n,I
d,E
 ,O
c,B
h,I
e,I
f,I
s,E
 ,O
a,B
r,I
e,E
 ,O
a,S
 ,O
m,B
a,I
i,I
n,E
 ,O
t,B
h,I
r,I
e,I
a,I
d,E
 ,O
o,B
f,E
 ,O
t,B
h,I
e,E
 ,O
s,B
h,I
o,I
w,E
 ,O
i,B
t,E
 ,O
h,B
a,I
s,E
 ,O
a,S
 ,O
t,B
o,I
n,E
 ,O
o,B
f,E
 ,O
r,B
e,I
c,I
u,I
r,I
r,I
i,I
n,I
g,E
 ,O
c,B
h,I
e,I
f,E
 ,O
c,B
a,I
m,I
e,I
o,I
s,E
 ,O
f,B
r,I
o,I
m,E
 ,O
j,B
o,I
h,I
n,E
 ,O
b,B
e,I
s,I
h,E
 ,O
t,B
o,E
 ,O
w,B
i,I
l,I
l,I
e,I
y,E
 ,O
d,B
u,I
f,I
r,I
y,E
 ,O
t,B
o,E
 ,O
e,B
m,I
e,I
r,I
i,I
l,E
 ,O
 ,O
j,B
u,I
s,I
t,E
 ,O
t,B
o,E
 ,O
n,B
a,I
m,I
e,E
 ,O
a,S
 ,O
f,B
e,I
w,E
 ,O
 ,O
a,B
n,I
d,E
 ,O
a,S
 ,O
l,B
o,I
t,E
 ,O
o,B
f,E
 ,O
t,B
h,I
e,E
 ,O
k,B
i,I
t,I
c,I
h,I
e,I
n,E
 ,O
d,B
i,I
a,I
l,I
o,I
g,E
 ,O
w,B
a,I
s,E
 ,O
w,B
r,I
i,I
t,I
t,I
e,I
n,E
 ,O
b,B
y,E
 ,O
a,B
n,I
t,I
h,I
o,I
n,I
y,E
 ,O
b,B
o,I
u,I
r,I
d,I
a,I
i,I
n,E
 ,O
m,B
o,I
s,I
t,E
 ,O
o,B
f,E
 ,O
t,B
h,I
e,E
 ,O
s,B
h,I
o,I
w,E
 ,O
i,B
s,E
 ,O
s,B
h,I
o,I
t,E
 ,O
o,B
n,E
 ,O
l,B
o,I
c,I
a,I
t,I
i,I
o,I
n,E
 ,O
 ,O
s,B
o,E
 ,O
i,B
f,E
 ,O
y,B
o,I
u,E
 ,O
r,B
e,E
 ,O
f,B
a,I
m,I
i,I
l,I
i,I
a,I
r,E
 ,O
w,B
i,I
t,I
h,E
 ,O
n,B
e,I
w,E
 ,O
o,B
r,I
l,I
e,I
a,I
n,I
s,E
 ,O
 ,O
i,B
t,E
 ,O
s,S
 ,O
f,B
u,I
n,E
 ,O
r,B
e,I
c,I
o,I
g,I
n,I
i,I
z,I
i,I
n,I
g,E
 ,O
a,B
l,I
l,E
 ,O
t,B
h,I
e,E
 ,O
p,B
l,I
a,I
c,I
e,I
s,E
 ,O
i,B
f,E
 ,O
y,B
o,I
u,E
 ,O
v,B
e,E
 ,O
e,B
v,I
e,I
r,E
 ,O
w,B
o,I
r,I
k,I
e,I
d,E
 ,O
i,B
n,E
 ,O
a,S
 ,O
r,B
e,I
s,I
t,I
a,I
u,I
r,I
a,I
n,I
t,E
 ,O
 ,O
e,B
s,I
p,I
e,I
c,I
i,I
a,I
l,I
l,I
y,E
 ,O
b,B
o,I
h,E
 ,O
 ,O
i,S
 ,O
t,B
h,I
i,I
n,I
k,E
 ,O
y,B
o,I
u,E
 ,O
l,B
l,E
 ,O
a,B
p,I
p,I
r,I
e,I
c,I
i,I
a,I
t,I
e,E
 ,O
i,B
t,E
 ,O
t,B
h,I
a,I
n,I
k,E
 ,O
g,B
o,I
d,E
 ,O
t,B
h,I
i,I
s,E
 ,O
w,B
a,I
s,E
 ,O
p,B
o,I
s,I
t,I
v,I
a,I
l,I
e,I
n,I
t,I
i,I
n,I
e,E
 ,O
s,S
 ,O
d,B
a,I
y,E
 ,O
b,B
e,I
c,I
a,I
u,I
s,I
e,E
 ,O
t,B
h,I
o,I
s,I
e,E
 ,O
f,B
o,I
o,I
d,I
s,E
 ,O
w,B
o,I
u,I
l,I
d,E
 ,O
m,B
a,I
k,I
e,E
 ,O
f,B
o,I
r,E
 ,O
s,B
o,I
m,I
e,E
 ,O
v,B
e,I
r,I
y,E
 ,O
f,B
u,I
n,I
k,I
y,E
 ,O
k,B
i,I
s,I
s,I
i,I
n,I
g,E
 ,O
y,B
o,I
u,E
 ,O
e,B
n,I
j,I
o,I
y,E
 ,O
f,B
i,I
s,I
h,E
 ,O
e,B
g,I
g,I
s,E
 ,O
i,S
 ,O
l,B
l,E
 ,O
e,B
a,I
t,E
 ,O
t,B
h,I
e,E
 ,O
f,B
i,I
s,I
h,E
 ,O
l,B
i,I
k,I
e,E
 ,O
a,S
 ,O
n,B
o,I
r,I
m,I
a,I
l,E
 ,O
p,B
e,I
r,I
s,I
o,I
n,I
s,B
o,I
r,I
r,I
y,E
 ,O
i,B
f,E
 ,O
t,B
h,I
i,I
s,E
 ,O
i,B
s,E
 ,O
a,S
 ,O
s,B
t,I
u,I
p,I
i,I
d,E
 ,O
q,B
u,I
e,I
s,I
t,I
i,I
o,I
n,E
 ,O
i,S
 ,O
m,S
 ,O
i,B
n,I
t,I
e,I
r,I
e,I
s,I
t,I
i,I
n,I
g,E
 ,O
i,B
n,E
 ,O
t,B
r,I
y,I
i,I
n,I
g,E
 ,O
c,B
a,I
v,I
i,I
a,I
r,E
 ,O
 ,O
i,S
 ,O
v,B
e,E
 ,O
n,B
e,I
v,I
e,I
r,E
 ,O
h,B
a,I
d,E
 ,O
i,B
t,E
 ,O
c,B
a,I
n,E
 ,O
y,B
o,I
u,E
 ,O
r,B
e,I
c,I
o,I
m,I
m,I
e,I
n,I
d,E
 ,O
w,B
h,I
a,I
t,E
 ,O
i,S
 ,O
s,B
h,I
o,I
u,I
l,I
d,E
 ,O
t,B
r,I
y,E
 ,O
a,B
n,I
d,E
 ,O
w,B
h,I
e,I
r,I
e,E
 ,O
t,B
o,E
 ,O
p,B
u,I
r,I
c,I
h,I
a,I
s,I
e,E
 ,O
 ,O
a,B
r,I
e,E
 ,O
o,B
n,I
l,I
i,I
n,I
e,E
 ,O
r,B
e,I
t,I
a,I
i,I
l,I
e,I
r,I
s,E
 ,O
a,S
 ,O
g,B
o,I
o,I
d,E
 ,O
s,B
o,I
u,I
r,I
c,I
e,E
 ,O
i,S
 ,O
j,B
u,I
s,I
t,E
 ,O
d,B
i,I
d,E
 ,O
s,B
o,I
m,I
e,E
 ,O
h,B
o,I
m,I
e,I
m,I
a,I
d,I
e,E
 ,O
c,B
a,I
r,I
o,I
l,I
i,I
n,I
a,E
 ,O
v,B
i,I
n,I
e,I
g,I
a,I
r,E
 ,O
s,B
a,I
u,I
c,I
e,E
 ,O
a,B
n,I
d,E
 ,O
i,S
 ,O
w,B
a,I
s,E
 ,O
w,B
o,I
n,I
d,I
e,I
r,I
i,I
n,I
g,E
 ,O
w,B
h,I
a,I
t,E
 ,O
i,B
s,E
 ,O
t,B
h,I
e,E
 ,O
f,B
r,I
i,I
d,I
g,I
e,E
 ,O
l,B
i,I
f,I
e,E
 ,O
o,B
f,E
 ,O
i,B
t,E
 ,O
 ,O
v,B
i,I
n,I
e,I
g,I
a,I
r,E
 ,O
 ,O
s,B
u,I
g,I
a,I
r,E
 ,O
 ,O
t,B
a,I
b,I
a,I
s,I
c,I
o,E
 ,O
 ,O
r,B
e,I
d,E
 ,O
p,B
e,I
p,I
p,I
e,I
r,E
 ,O
 ,O
c,B
a,I
t,I
c,I
h,I
u,I
p,E
 ,O
 ,O
i,S
 ,O
k,B
n,I
o,I
w,E
 ,O
 ,O
s,B
a,I
c,I
r,I
i,I
l,I
e,I
g,I
e,E
 ,O
 ,O
r,B
i,I
g,I
h,I
t,E
 ,O
 ,O
 ,O
a,B
n,I
d,E
 ,O
s,B
a,I
l,I
t,E
 ,O
 ,O
b,B
y,E
 ,O
t,B
h,I
e,E
 ,O
w,B
a,I
y,E
 ,O
i,B
t,E
 ,O
t,B
a,I
s,I
t,I
e,I
d,E
 ,O
g,B
r,I
e,I
a,I
t,E
 ,O
n,B
o,I
t,I
h,I
i,I
n,I
g,E
 ,O
i,B
n,E
 ,O
t,B
h,I
a,I
t,E
 ,O
r,B
e,I
c,I
i,I
p,I
e,E
 ,O
w,B
i,I
l,I
l,E
 ,O
s,B
p,I
o,I
i,I
l,E
 ,O
w,B
h,I
e,I
n,E
 ,O
r,B
e,I
f,I
r,I
i,I
g,I
e,I
r,I
a,I
t,I
e,I
d,E
 ,O
i,B
t,E
 ,O
s,B
h,I
o,I
u,I
l,I
d,E
 ,O
b,B
e,E
 ,O
g,B
o,I
o,I
d,E
 ,O
f,B
o,I
r,E
 ,O
m,B
o,I
n,I
t,I
h,I
s,E
 ,O
w,B
e,I
r,I
e,E
 ,O
t,B
h,I
o,I
s,I
e,E
 ,O
p,B
a,I
n,I
c,I
a,I
k,I
e,I
s,E
 ,O
c,B
o,I
o,I
k,I
e,I
d,E
 ,O
i,B
n,E
 ,O
a,S
 ,O
r,B
i,I
n,I
g,E
 ,O
m,B
o,I
l,I
d,E
 ,O
 ,O
t,B
h,I
e,E
 ,O
s,B
i,I
d,I
e,I
s,E
 ,O
l,B
o,I
o,I
k,E
 ,O
k,B
i,I
n,I
d,E
 ,O
o,B
f,E
 ,O
s,B
h,I
e,I
a,I
r,E
 ,O
a,B
n,I
d,E
 ,O
h,B
a,I
v,I
e,E
 ,O
a,S
 ,O
l,B
i,I
g,I
h,I
t,I
e,I
r,E
 ,O
c,B
o,I
l,I
o,I
r,E
 ,O
t,B
h,I
a,I
n,E
 ,O
i,S
 ,O
w,B
o,I
u,I
l,I
d,E
 ,O
e,B
x,I
p,I
e,I
c,I
t,E
 ,O
d,B
i,I
d,E
 ,O
t,B
h,I
e,I
y,E
 ,O
t,B
a,I
s,I
t,I
e,E
 ,O
g,B
o,I
o,I
d,E
 ,O
i,B
n,I
g,I
r,I
e,I
d,I
i,I
e,I
n,I
t,I
s,E
 ,O
2,S
 ,O
c,B
u,I
p,I
s,E
 ,O
c,B
h,I
i,I
c,I
k,I
e,I
n,E
 ,O
b,B
r,I
o,I
t,I
h,E
 ,O
1,S
 ,O
t,B
s,I
p,E
 ,O
s,B
a,I
l,I
t,E
 ,O
4,S
 ,O
c,B
h,I
i,I
c,I
k,I
e,I
n,E
 ,O
b,B
r,I
e,I
a,I
s,I
t,I
s,E
 ,O
4,S
 ,O
e,B
g,I
g,I
s,E
 ,O
 ,O
b,B
e,I
a,I
t,I
e,I
n,E
 ,O
 ,O
 ,O
c,B
u,I
p,E
 ,O
f,B
l,I
o,I
u,I
r,E
 ,O
1,S
 ,O
c,B
u,I
p,E
 ,O
p,B
a,I
n,I
k,I
o,E
 ,O
1,S
 ,O
c,B
u,I
p,E
 ,O
s,B
h,I
r,I
e,I
d,I
d,I
e,I
d,E
 ,O
p,B
a,I
r,I
m,I
e,I
s,I
a,I
n,E
 ,O
c,B
h,I
e,I
e,I
s,I
e,E
 ,O
 ,O
t,B
s,I
p,E
 ,O
s,B
a,I
l,I
t,E
 ,O
 ,O
t,B
s,I
p,E
 ,O
b,B
l,I
a,I
c,I
k,E
 ,O
p,B
e,I
p,I
p,I
e,I
r,E
 ,O
d,B
i,I
r,I
e,I
c,I
t,I
i,I
o,I
n,I
s,E
 ,O
1,S
 ,O
m,B
a,I
k,I
e,E
 ,O
b,B
r,I
i,I
n,I
e,E
 ,O
f,B
o,I
r,E
 ,O
c,B
h,I
i,I
c,I
k,I
e,I
n,E
 ,O
b,B
y,E
 ,O
d,B
i,I
s,I
s,I
o,I
l,I
v,I
i,I
n,I
g,E
 ,O
s,B
a,I
l,I
t,E
 ,O
w,B
i,I
t,I
h,E
 ,O
c,B
h,I
i,I
c,I
k,I
e,I
n,E
 ,O
b,B
r,I
o,I
t,I
h,E
 ,O
i,B
n,E
 ,O
a,S
 ,O
m,B
e,I
d,I
i,I
u,I
m,E
 ,O
b,B
o,I
w,I
l,E
 ,O
c,B
o,I
v,I
e,I
r,E
 ,O
c,B
h,I
i,I
c,I
k,I
e,I
n,E
 ,O
b,B
r,I
e,I
a,I
s,I
t,I
s,E
 ,O
w,B
i,I
t,I
h,E
 ,O
p,B
l,I
a,I
s,I
t,I
i,I
c,E
 ,O
w,B
r,I
a,I
p,E
 ,O
a,B
n,I
d,E
 ,O
p,B
o,I
u,I
n,I
d,E
 ,O
e,B
a,I
c,I
h,E
 ,O
o,B
n,I
e,E
 ,O
t,B
o,E
 ,O
a,B
b,I
o,I
u,I
t,E
 ,O
1,B
2,E
 ,O
i,B
n,I
c,I
h,E
 ,O
t,B
h,I
i,I
c,I
k,E
 ,O
w,B
i,I
t,I
h,E
 ,O
a,S
 ,O
k,B
i,I
t,I
c,I
h,I
e,I
n,E
 ,O
m,B
a,I
l,I
l,I
e,I
t,E
 ,O
i,B
f,E
 ,O
b,B
r,I
e,I
a,I
s,I
t,I
s,E
 ,O
a,B
r,I
e,E
 ,O
l,B
a,I
r,I
g,I
e,E
 ,O
 ,O
y,B
o,I
u,E
 ,O
c,B
a,I
n,E
 ,O
c,B
u,I
t,E
 ,O
t,B
h,I
e,I
m,E
 ,O
i,B
n,E
 ,O
h,B
a,I
l,I
f,E
 ,O
a,B
d,I
d,E
 ,O
f,B
l,I
a,I
t,I
t,I
e,I
n,I
e,I
d,E
 ,O
c,B
h,I
i,I
c,I
k,I
e,I
n,E
 ,O
t,B
o,E
 ,O
b,B
r,I
i,I
n,I
e,E
 ,O
c,B
o,I
v,I
e,I
r,E
 ,O
a,B
n,I
d,E
 ,O
c,B
h,I
i,I
l,I
l,E
 ,O
f,B
o,I
r,E
 ,O
3,S
 ,O
h,B
o,I
u,I
r,I
s,E
 ,O
 ,O
2,S
 ,O
w,B
h,I
e,I
n,E
 ,O
c,B
h,I
i,I
c,I
k,I
e,I
n,E
 ,O
h,B
a,I
s,E
 ,O
m,B
a,I
r,I
i,I
n,I
a,I
t,I
e,I
d,E
 ,O
 ,O
r,B
e,I
m,I
o,I
v,I
e,E
 ,O
t,B
h,I
e,E
 ,O
f,B
i,I
l,I
l,I
e,I
t,I
s,E
 ,O
f,B
r,I
o,I
m,E
 ,O
b,B
r,I
i,I
n,I
e,E
 ,O
a,B
n,I
d,E
 ,O
d,B
a,I
b,E
 ,O
w,B
i,I
t,I
h,E
 ,O
p,B
a,I
p,I
e,I
r,E
 ,O
t,B
o,I
w,I
e,I
l,I
s,E
 ,O
t,B
o,E
 ,O
r,B
e,I
m,I
o,I
v,I
e,E
 ,O
e,B
x,I
c,I
e,I
s,I
s,E
 ,O
l,B
i,I
q,I
u,I
i,I
d,E
 ,O
b,B
e,I
a,I
t,E
 ,O
e,B
g,I
g,I
s,E
 ,O
i,B
n,E
 ,O
a,S
 ,O
m,B
e,I
d,I
i,I
u,I
m,E
 ,O
b,B
o,I
w,I
l,E
 ,O
 ,O
a,B
n,I
d,E
 ,O
p,B
o,I
u,I
r,E
 ,O
f,B
l,I
o,I
u,I
r,E
 ,O
o,B
n,I
t,I
o,E
 ,O
a,S
 ,O
p,B
l,I
a,I
t,I
e,E
 ,O
c,B
o,I
m,I
b,I
i,I
n,I
e,E
 ,O
b,B
r,I
e,I
a,I
d,I
c,I
r,I
u,I
m,I
b,I
s,E
 ,O
 ,O
p,B
a,I
r,I
m,I
e,I
s,I
a,I
n,E
 ,O
c,B
h,I
e,I
e,I
s,I
e,E
 ,O
 ,O
s,B
a,I
l,I
t,E
 ,O
a,B
n,I
d,E
 ,O
p,B
e,I
p,I
p,I
e,I
r,E
 ,O
i,B
n,E
 ,O
a,B
n,I
o,I
t,I
h,I
e,I
r,E
 ,O
m,B
e,I
d,I
i,I
u,I
m,E
 ,O
b,B
o,I
w,I
l,E
 ,O
t,B
o,E
 ,O
b,B
r,I
e,I
a,I
d,E
 ,O
t,B
h,I
e,E
 ,O
c,B
h,I
i,I
c,I
k,I
e,I
n,E
 ,O
 ,O
f,B
i,I
r,I
s,I
t,E
 ,O
c,B
o,I
a,I
t,E
 ,O
e,B
a,I
c,I
h,E
 ,O
f,B
i,I
l,I
l,I
e,I
t,E
 ,O
w,B
i,I
t,I
h,E
 ,O
f,B
l,I
o,I
u,I
r,E
 ,O
 ,O
t,B
h,I
e,I
n,E
 ,O
e,B
g,I
g,E
 ,O
 ,O
a,B
n,I
d,E
 ,O
t,B
h,I
e,I
n,E
 ,O
t,B
h,I
e,E
 ,O
p,B
a,I
r,I
m,I
e,I
s,I
a,I
n,E
 ,O
m,B
i,I
x,I
t,I
u,I
r,I
e,E
 ,O
r,B
e,I
s,I
t,E
 ,O
 ,O
3,S
 ,O
a,B
d,I
d,E
 ,O
e,B
n,I
o,I
u,I
g,I
h,E
 ,O
o,B
i,I
l,E
 ,O
t,B
o,E
 ,O
c,B
o,I
v,I
e,I
r,E
 ,O
t,B
h,I
e,E
 ,O
b,B
o,I
t,I
t,I
o,I
m,E
 ,O
o,B
f,E
 ,O
a,S
 ,O
l,B
a,I
r,I
g,I
e,E
 ,O
s,B
a,I
u,I
t,I
e,E
 ,O
p,B
a,I
n,E
 ,O
 ,O
a,B
n,I
d,E
 ,O
h,B
e,I
a,I
t,E
 ,O
o,B
v,I
e,I
r,E
 ,O
m,B
e,I
d,I
i,I
u,I
m,I
l,I
o,I
w,E
 ,O
u,B
n,I
t,I
i,I
l,E
 ,O
h,B
o,I
t,E
 ,O
s,B
a,I
u,I
t,I
e,E
 ,O
e,B
a,I
c,I
h,E
 ,O
b,B
r,I
e,I
a,I
d,I
e,I
d,E
 ,O
c,B
h,I
i,I
c,I
k,I
e,I
n,E
 ,O
f,B
i,I
l,I
l,I
e,I
t,E
 ,O
i,B
n,E
 ,O
o,B
i,I
l,E
 ,O
f,B
o,I
r,E
 ,O
4,B
5,E
 ,O
m,B
i,I
n,I
u,I
t,I
e,I
s,E
 ,O
p,B
e,I
r,E
 ,O
s,B
i,I
d,I
e,E
 ,O
o,B
r,E
 ,O
u,B
n,I
t,I
i,I
l,E
 ,O
b,B
r,I
o,I
w,I
n,E
 ,O
 ,O
4,S
 ,O
c,B
o,I
v,I
e,I
r,E
 ,O
w,B
i,I
t,I
h,E
 ,O
m,B
a,I
r,I
i,I
n,I
a,I
r,I
a,E
 ,O
a,B
n,I
d,E
 ,O
t,B
o,I
p,E
 ,O
w,B
i,I
t,I
h,E
 ,O
a,S
 ,O
s,B
l,I
i,I
c,I
e,E
 ,O
o,B
f,E
 ,O
p,B
r,I
o,I
v,I
o,I
l,I
o,I
n,I
e,E
 ,O
 ,O
5,S
 ,O
p,B
l,I
a,I
c,I
e,E
 ,O
i,B
n,E
 ,O
b,B
r,I
o,I
i,I
l,I
e,I
r,E
 ,O
u,B
n,I
t,I
i,I
l,E
 ,O
m,B
e,I
l,I
t,I
y,E
 ,O
a,B
n,I
d,E
 ,O
d,B
e,I
l,I
i,I
c,I
i,I
o,I
u,I
s,I
r,B
e,I
c,I
i,I
p,I
e,E
 ,O
 ,O
h,B
e,I
r,I
e,E
 ,O
 ,O
 ,O
h,B
t,I
t,I
p,I
s,E
 ,O
 ,O
w,B
w,I
w,I
c,I
h,I
e,I
f,I
s,I
t,I
e,I
p,I
s,I
c,I
o,I
m,I
a,I
c,I
t,I
i,I
v,I
i,I
t,I
i,I
e,I
s,I
a,I
m,I
a,I
z,I
i,I
n,I
g,I
c,I
h,I
e,I
w,I
y,I
b,I
a,I
g,I
e,I
l,I
s,I
f,I
r,I
o,I
m,I
s,I
c,I
r,I
a,I
t,I
c,I
h,E
 ,O
 ,O
m,B
o,I
d,I
i,I
f,I
i,I
c,I
a,I
t,I
i,I
o,I
n,I
s,E
 ,O
 ,O
 ,O
p,B
o,I
r,I
t,I
i,I
o,I
n,I
e,I
d,E
 ,O
t,B
h,I
e,I
m,E
 ,O
t,B
o,E
 ,O
1,B
0,I
4,I
g,E
 ,O
 ,O
o,B
r,E
 ,O
1,B
0,E
 ,O
b,B
a,I
g,I
e,I
l,I
s,E
 ,O
 ,O
i,B
n,I
s,I
t,I
e,I
a,I
d,E
 ,O
o,B
f,E
 ,O
6,B
5,I
g,E
 ,O
 ,O
j,B
u,I
s,I
t,E
 ,O
u,B
s,I
e,I
d,E
 ,O
w,B
h,I
a,I
t,E
 ,O
i,S
 ,O
h,B
a,I
d,E
 ,O
o,B
n,E
 ,O
h,B
a,I
n,I
d,E
 ,O
f,B
o,I
r,E
 ,O
t,B
o,I
p,I
p,I
i,I
n,I
g,I
s,E
 ,O
a,B
n,I
d,E
 ,O
d,B
i,I
d,E
 ,O
n,B
t,E
 ,O
m,B
e,I
a,I
s,I
u,I
r,I
e,E
 ,O
 ,O
m,B
a,I
l,I
d,I
o,I
n,E
 ,O
s,B
a,I
l,I
t,E
 ,O
 ,O
s,B
e,I
s,I
a,I
m,I
e,E
 ,O
s,B
e,I
e,I
d,I
s,E
 ,O
 ,O
d,B
r,I
i,I
e,I
d,E
 ,O
g,B
a,I
r,I
l,I
i,I
c,E
 ,O
 ,O
d,B
r,I
i,I
e,I
d,E
 ,O
o,B
n,I
i,I
o,I
n,E
 ,O
 ,O
v,B
e,I
r,I
d,I
i,I
c,I
t,E
 ,O
 ,O
v,B
e,I
r,I
y,E
 ,O
c,B
h,I
e,I
w,I
y,E
 ,O
i,B
n,E
 ,O
a,S
 ,O
g,B
o,I
o,I
d,E
 ,O
w,B
a,I
y,E
 ,O
 ,O
h,B
a,I
d,E
 ,O
a,S
 ,O
s,B
o,I
f,I
t,I
e,I
r,E
 ,O
c,B
r,I
u,I
s,I
t,E
 ,O
t,B
h,I
a,I
n,E
 ,O
i,S
 ,O
e,B
x,I
p,I
e,I
c,I
t,I
e,I
d,E
 ,O
 ,O
b,B
u,I
t,E
 ,O
d,B
e,I
l,I
i,I
c,I
i,I
o,I
u,I
s,E
 ,O
n,B
o,I
n,I
e,I
t,I
h,I
e,I
l,I
e,I
s,I
s,E
 ,O
i,S
 ,O
l,B
l,E
 ,O
d,B
e,I
f,I
i,I
n,I
i,I
t,I
e,I
l,I
y,E
 ,O
b,B
e,E
 ,O
a,B
d,I
d,I
i,I
n,I
g,E
 ,O
t,B
h,I
i,I
s,E
 ,O
t,B
o,E
 ,O
m,B
y,E
 ,O
r,B
e,I
c,I
i,I
p,I
e,E
 ,O
a,B
r,I
s,I
e,I
n,I
a,I
l,E
 ,O
 ,O
e,B
d,I
i,I
t,E
 ,O
 ,O
s,B
o,I
r,I
r,I
y,E
 ,O
 ,O
c,B
a,E
 ,O
n,B
t,E
 ,O
s,B
e,I
e,I
m,E
 ,O
t,B
o,E
 ,O
c,B
h,I
a,I
n,I
g,I
e,E
 ,O
a,B
s,I
t,I
e,I
r,I
i,I
s,I
k,I
s,E
 ,O
t,B
o,E
 ,O
b,B
u,I
l,I
l,I
e,I
t,I
p,I
o,I
i,I
n,I
t,I
s,I
y,B
o,I
u,E
 ,O
a,B
l,I
s,I
o,E
 ,O
s,B
p,I
e,I
c,I
i,I
a,I
l,I
i,I
z,I
e,E
 ,O
i,B
n,E
 ,O
t,B
r,I
i,I
c,I
h,I
i,I
n,I
o,I
s,I
i,I
s,E
 ,O
i,S
 ,O
m,S
 ,O
s,B
u,I
r,I
e,E
 ,O
i,S
 ,O
l,B
o,I
v,I
e,E
 ,O
y,B
o,I
u,E
 ,O
0,S
n,B
i,I
c,I
e,E
 ,O
y,B
o,I
u,E
 ,O
g,B
o,I
t,E
 ,O
s,B
o,I
m,I
e,E
 ,O
t,B
a,I
i,I
l,E
 ,O
o,B
n,E
 ,O
v,B
a,I
l,I
e,I
n,I
t,I
i,I
n,I
e,I
s,E
 ,O
d,B
a,I
y,E
 ,O
 ,O
r,B
o,I
c,I
k,E
 ,O
 ,O
l,B
o,I
b,I
s,I
t,I
e,I
r,E
 ,O
 ,O
r,B
o,I
c,I
k,I
s,I
p,I
i,I
n,I
y,E
 ,O
l,B
o,I
b,I
s,I
t,I
e,I
r,I
s,E
 ,O
a,B
r,I
e,E
 ,O
q,B
u,I
i,I
t,I
e,E
 ,O
g,B
o,I
o,I
d,E
 ,O
 ,O
a,B
n,I
d,E
 ,O
p,B
o,I
s,I
s,I
i,I
b,I
l,I
y,E
 ,O
m,B
u,I
c,I
h,E
 ,O
m,B
o,I
r,I
e,E
 ,O
a,B
f,I
f,I
o,I
r,I
d,I
a,I
b,I
l,I
e,E
 ,O
b,B
u,I
t,E
 ,O
a,B
c,I
t,I
u,I
a,I
l,E
 ,O
a,B
t,I
l,I
a,I
n,I
t,I
i,I
c,I
m,I
a,I
i,I
n,I
e,I
n,I
o,I
r,I
t,I
h,I
e,I
r,I
n,E
 ,O
l,B
o,I
b,I
s,I
t,I
e,I
r,E
 ,O
i,B
s,E
 ,O
a,S
 ,O
c,B
o,I
m,I
p,I
l,I
e,I
t,I
e,I
l,I
y,E
 ,O
d,B
i,I
f,I
f,I
e,I
r,I
e,I
n,I
t,E
 ,O
a,B
n,I
i,I
m,I
a,I
l,E
 ,O
m,B
o,I
r,I
e,E
 ,O
s,B
u,I
c,I
c,I
u,I
l,I
e,I
n,I
t,E
 ,O
 ,O
b,B
e,I
t,I
t,I
e,I
r,E
 ,O
t,B
e,I
x,I
t,I
u,I
r,I
e,E
 ,O
a,B
n,I
d,E
 ,O
f,B
l,I
a,I
v,I
o,I
r,E
 ,O
h,B
o,I
l,I
y,E
 ,O
h,B
e,I
l,I
l,E
 ,O
t,B
h,I
o,I
s,I
e,E
 ,O
a,B
r,I
e,E
 ,O
h,B
u,I
g,I
e,E
 ,O
h,B
a,I
d,E
 ,O
l,B
o,I
b,I
s,I
t,I
e,I
r,E
 ,O
t,B
a,I
i,I
l,I
s,E
 ,O
l,B
a,I
s,I
t,E
 ,O
n,B
i,I
g,I
h,I
t,E
 ,O
t,B
o,I
o,E
 ,O
w,B
a,I
s,E
 ,O
g,B
o,I
n,E
 ,O
n,B
a,E
 ,O
g,B
o,E
 ,O
f,B
o,I
r,E
 ,O
t,B
h,I
e,E
 ,O
s,B
a,I
m,I
e,E
 ,O
p,B
r,I
e,I
s,I
e,I
n,I
t,I
a,I
t,I
i,I
o,I
n,E
 ,O
b,B
u,I
t,E
 ,O
g,B
o,I
t,E
 ,O
l,B
a,I
z,I
y,E
 ,O
a,B
n,I
d,E
 ,O
j,B
u,I
s,I
t,E
 ,O
b,B
o,I
i,I
l,I
e,I
d,E
 ,O
e,B
m,E
 ,O
u,B
p,E
 ,O
w,B
a,I
s,E
 ,O
d,B
e,I
l,I
i,I
c,I
i,I
o,I
u,I
s,E
 ,O
w,B
o,I
w,E
 ,O
 ,O
t,B
h,I
a,I
t,E
 ,O
l,B
o,I
o,I
k,I
s,E
 ,O
a,B
m,I
a,I
z,I
i,I
n,I
g,E
 ,O
w,B
e,I
l,I
l,E
 ,O
d,B
o,I
n,I
e,E
 ,O
s,B
o,I
m,I
e,E
 ,O
d,B
a,I
y,E
 ,O
i,S
 ,O
a,B
m,E
 ,O
g,B
o,I
i,I
n,I
g,E
 ,O
t,B
o,E
 ,O
p,B
u,I
t,E
 ,O
a,S
 ,O
c,B
o,I
u,I
p,I
l,I
e,E
 ,O
s,B
h,I
r,I
i,I
m,I
p,E
 ,O
o,B
n,E
 ,O
t,B
h,I
e,E
 ,O
b,B
a,I
r,I
b,I
i,I
e,E
 ,O
i,B
t,E
 ,O
l,B
o,I
o,I
k,I
s,E
 ,O
s,B
l,I
i,I
g,I
h,I
t,I
l,I
y,E
 ,O
o,B
v,I
e,I
r,I
c,I
o,I
o,I
k,I
e,I
d,E
 ,O
b,B
u,I
t,E
 ,O
i,S
 ,O
m,S
 ,O
s,B
u,I
r,I
e,E
 ,O
i,B
t,E
 ,O
s,B
t,I
i,I
l,I
l,E
 ,O
t,B
a,I
s,I
t,I
e,I
d,E
 ,O
a,B
m,I
a,I
z,I
i,I
n,I
g,E
 ,O
i,S
 ,O
w,B
a,I
n,I
t,E
 ,O
t,B
o,E
 ,O
g,B
o,E
 ,O
t,B
o,E
 ,O
t,B
h,I
e,I
r,I
e,I
r,B
e,I
c,I
i,I
p,I
e,E
 ,O
i,S
 ,O
m,S
 ,O
a,S
 ,O
2,B
5,E
 ,O
y,B
e,I
a,I
r,E
 ,O
o,B
l,I
d,E
 ,O
f,B
e,I
m,I
a,I
l,I
e,E
 ,O
b,B
u,I
t,E
 ,O
i,S
 ,O
w,B
o,I
u,I
l,I
d,E
 ,O
l,B
i,I
k,I
e,E
 ,O
t,B
o,E
 ,O
b,B
e,E
 ,O
y,B
o,I
u,I
r,E
 ,O
h,B
u,I
s,I
b,I
a,I
n,I
d,E
 ,O
p,B
l,I
e,I
a,I
s,I
e,E
 ,O
i,B
f,E
 ,O
i,S
 ,O
c,B
o,I
u,I
l,I
d,E
 ,O
e,B
x,I
p,I
e,I
n,I
s,I
e,E
 ,O
t,B
h,I
e,E
 ,O
m,B
e,I
a,I
l,E
 ,O
i,S
 ,O
w,B
o,I
u,I
l,I
d,E
 ,O
o,B
r,I
d,I
e,I
r,E
 ,O
i,B
t,E
 ,O
o,B
t,I
h,I
e,I
r,I
w,I
i,I
s,I
e,E
 ,O
f,B
o,I
r,E
 ,O
 ,O
2,B
8,E
 ,O
 ,O
i,S
 ,O
l,B
l,E
 ,O
t,B
a,I
k,I
e,E
 ,O
3,S
 ,O
o,B
r,E
 ,O
4,S
 ,O
r,B
e,I
g,I
u,I
l,I
a,I
r,E
 ,O
m,B
i,I
m,I
o,I
s,I
a,I
s,E
 ,O
 ,O
t,B
h,I
e,E
 ,O
t,B
o,I
t,I
o,I
n,I
k,I
a,I
c,B
r,I
u,I
s,I
t,E
 ,O
r,B
e,I
c,I
i,I
p,I
e,E
 ,O
 ,O
p,B
l,I
e,I
a,I
s,I
e,E
 ,O
l,B
o,I
v,I
e,E
 ,O
f,B
o,I
r,E
 ,O
p,B
i,I
z,I
z,I
a,I
y,B
o,I
u,E
 ,O
c,B
a,I
n,E
 ,O
p,B
o,I
l,I
i,I
s,I
h,E
 ,O
a,S
 ,O
t,B
u,I
r,I
d,E
 ,O
r,B
e,I
c,I
i,I
p,I
e,E
 ,O
f,B
o,I
r,E
 ,O
t,B
h,I
o,I
s,I
e,E
 ,O
i,B
n,I
t,I
e,I
r,I
e,I
s,I
t,I
e,I
d,E
 ,O
 ,O
t,B
h,I
i,I
s,E
 ,O
i,B
s,E
 ,O
a,S
 ,O
l,B
o,I
o,I
s,I
e,E
 ,O
a,B
d,I
a,I
p,I
t,I
a,I
t,I
i,I
o,I
n,E
 ,O
 ,O
c,B
r,I
e,I
a,I
t,I
e,I
d,E
 ,O
m,B
y,I
s,I
e,I
l,I
f,E
 ,O
 ,O
o,B
f,E
 ,O
a,S
 ,O
h,B
o,I
m,I
o,I
n,I
y,I
m,I
o,I
u,I
s,E
 ,O
d,B
i,I
s,I
h,E
 ,O
a,B
t,E
 ,O
t,B
h,I
e,E
 ,O
m,B
a,I
r,I
i,I
e,I
t,I
t,I
a,E
 ,O
d,B
i,I
n,I
e,I
r,E
 ,O
 ,O
i,B
n,E
 ,O
m,B
a,I
r,I
i,I
e,I
t,I
t,I
a,E
 ,O
 ,O
g,B
a,E
 ,O
 ,O
p,B
r,I
e,I
p,E
 ,O
t,B
i,I
m,I
e,E
 ,O
 ,O
1,B
0,E
 ,O
m,B
i,I
n,E
 ,O
c,B
o,I
o,I
k,E
 ,O
t,B
i,I
m,I
e,E
 ,O
 ,O
3,B
0,E
 ,O
m,B
i,I
n,E
 ,O
1,S
 ,O
b,B
o,I
x,E
 ,O
o,B
f,E
 ,O
1,B
2,E
 ,O
m,B
r,I
s,E
 ,O
t,S
 ,O
s,S
 ,O
b,B
r,I
a,I
n,I
d,E
 ,O
p,B
o,I
t,I
a,I
t,I
o,I
c,I
h,I
e,I
d,I
d,I
a,I
r,E
 ,O
p,B
i,I
e,I
r,I
o,I
g,I
i,E
 ,O
1,B
l,I
b,E
 ,O
o,B
f,E
 ,O
c,B
h,I
i,I
c,I
k,I
e,I
n,E
 ,O
b,B
r,I
e,I
a,I
s,I
t,E
 ,O
t,B
e,I
n,I
d,I
e,I
r,I
l,I
o,I
i,I
n,I
s,E
 ,O
h,B
a,I
l,I
f,E
 ,O
o,B
f,E
 ,O
a,S
 ,O
s,B
m,I
a,I
l,I
l,E
 ,O
y,B
e,I
l,I
l,I
o,I
w,E
 ,O
o,B
n,I
i,I
o,I
n,E
 ,O
 ,O
c,B
h,I
o,I
p,I
p,I
e,I
d,E
 ,O
1,S
 ,O
r,B
e,I
d,E
 ,O
b,B
e,I
l,I
l,E
 ,O
p,B
e,I
p,I
p,I
e,I
r,E
 ,O
 ,O
c,B
h,I
o,I
p,I
p,I
e,I
d,E
 ,O
a,B
b,I
o,I
u,I
t,E
 ,O
a,S
 ,O
c,B
u,I
p,E
 ,O
o,B
f,E
 ,O
f,B
r,I
e,I
s,I
h,E
 ,O
s,B
p,I
i,I
n,I
a,I
c,I
h,E
 ,O
 ,O
c,B
h,I
i,I
f,I
f,I
o,I
n,I
a,I
d,I
e,E
 ,O
2,S
 ,O
c,B
l,I
o,I
v,I
e,I
s,E
 ,O
g,B
a,I
r,I
l,I
i,I
c,E
 ,O
 ,O
m,B
i,I
n,I
c,I
e,I
d,E
 ,O
1,S
 ,O
c,B
u,I
p,E
 ,O
h,B
a,I
l,I
f,E
 ,O
a,B
n,I
d,E
 ,O
h,B
a,I
l,I
f,E
 ,O
1,S
 ,O
c,B
u,I
p,E
 ,O
m,B
i,I
l,I
k,E
 ,O
2,S
 ,O
t,B
a,I
b,I
l,I
e,I
s,I
p,I
o,I
o,I
n,I
s,E
 ,O
b,B
u,I
t,I
t,I
e,I
r,E
 ,O
4,S
 ,O
t,B
a,I
b,I
l,I
e,I
s,I
p,I
o,I
o,I
n,I
s,E
 ,O
o,B
l,I
i,I
v,I
e,E
 ,O
o,B
i,I
l,E
 ,O
 ,O
d,B
i,I
v,I
i,I
d,I
e,I
d,E
 ,O
i,B
n,E
 ,O
h,B
a,I
l,I
f,E
 ,O
2,S
 ,O
t,B
s,I
p,E
 ,O
a,B
p,E
 ,O
f,B
l,I
o,I
u,I
r,E
 ,O
1,B
2,E
 ,O
c,B
u,I
p,E
 ,O
r,B
o,I
m,I
a,I
n,I
o,E
 ,O
c,B
h,I
e,I
e,I
s,I
e,E
 ,O
1,B
2,E
 ,O
c,B
u,I
p,E
 ,O
s,B
h,I
a,I
v,I
e,I
d,E
 ,O
p,B
a,I
r,I
m,I
e,I
s,I
a,I
n,E
 ,O
c,B
h,I
e,I
e,I
s,I
e,E
 ,O
g,B
r,I
e,I
e,I
n,E
 ,O
o,B
n,I
i,I
o,I
n,I
s,E
 ,O
f,B
o,I
r,E
 ,O
g,B
a,I
r,I
n,I
i,I
s,I
h,E
 ,O
a,B
d,I
d,E
 ,O
2,B
t,E
 ,O
o,B
i,I
l,E
 ,O
t,B
o,E
 ,O
l,B
a,I
r,I
g,I
e,E
 ,O
s,B
t,I
a,I
i,I
n,I
l,I
e,I
s,I
s,E
 ,O
p,B
a,I
n,E
 ,O
 ,O
h,B
e,I
a,I
t,E
 ,O
o,B
v,I
e,I
r,E
 ,O
m,B
e,I
d,I
i,I
u,I
m,E
 ,O
h,B
i,I
g,I
h,E
 ,O
 ,O
a,B
d,I
d,E
 ,O
f,B
r,I
o,I
z,I
e,I
n,E
 ,O
p,B
i,I
e,I
r,I
o,I
g,I
i,E
 ,O
c,B
o,I
o,I
k,E
 ,O
f,B
o,I
r,E
 ,O
6,B
8,E
 ,O
m,B
i,I
n,E
 ,O
p,B
e,I
r,E
 ,O
s,B
i,I
d,I
e,E
 ,O
u,B
n,I
t,I
i,I
l,E
 ,O
g,B
o,I
l,I
d,I
e,I
n,E
 ,O
b,B
r,I
o,I
w,I
n,E
 ,O
o,B
n,E
 ,O
b,B
o,I
t,I
h,E
 ,O
s,B
i,I
d,I
e,I
s,E
 ,O
 ,O
s,B
e,I
t,E
 ,O
a,B
s,I
i,I
d,I
e,E
 ,O
i,B
n,E
 ,O
s,B
a,I
m,I
e,E
 ,O
p,B
a,I
n,E
 ,O
 ,O
a,B
d,I
d,E
 ,O
t,B
h,I
e,E
 ,O
r,B
e,I
m,I
a,I
i,I
n,I
i,I
n,I
g,E
 ,O
o,B
i,I
l,E
 ,O
 ,O
s,B
a,I
m,I
e,E
 ,O
h,B
e,I
a,I
t,E
 ,O
 ,O
a,B
d,I
d,E
 ,O
t,B
h,I
e,E
 ,O
c,B
h,I
i,I
c,I
k,I
e,I
n,E
 ,O
t,B
e,I
n,I
d,I
e,I
r,I
l,I
o,I
i,I
n,E
 ,O
s,B
a,I
l,I
t,I
p,I
e,I
p,I
p,I
e,I
r,E
 ,O
t,B
o,E
 ,O
t,B
a,I
s,I
t,I
e,E
 ,O
 ,O
t,B
u,I
r,I
n,I
i,I
n,I
g,E
 ,O
a,B
f,I
t,I
e,I
r,E
 ,O
3,B
4,E
 ,O
m,B
i,I
n,E
 ,O
 ,O
l,B
i,I
g,I
h,I
t,I
l,I
y,E
 ,O
g,B
o,I
l,I
d,I
e,I
n,E
 ,O
o,B
n,E
 ,O
b,B
o,I
t,I
h,E
 ,O
s,B
i,I
d,I
e,I
s,E
 ,O
 ,O
s,B
e,I
t,E
 ,O
a,B
s,I
i,I
d,I
e,E
 ,O
s,B
e,I
t,E
 ,O
o,B
v,I
e,I
n,E
 ,O
t,B
o,E
 ,O
b,B
r,I
o,I
i,I
l,E
 ,O
a,B
d,I
d,E
 ,O
o,B
n,I
i,I
o,I
n,I
s,E
 ,O
a,B
n,I
d,E
 ,O
b,B
e,I
l,I
l,E
 ,O
p,B
e,I
p,I
p,I
e,I
r,E
 ,O
t,B
o,E
 ,O
p,B
a,I
n,E
 ,O
 ,O
o,B
v,I
e,I
r,E
 ,O
m,B
e,I
d,I
i,I
u,I
m,E
 ,O
h,B
i,I
g,I
h,E
 ,O
 ,O
s,B
a,I
u,I
t,E
 ,O
 ,O
f,B
o,I
r,E
 ,O
6,S
 ,O
m,B
i,I
n,E
 ,O
 ,O
a,B
d,I
d,E
 ,O
s,B
p,I
i,I
n,I
a,I
c,I
h,E
 ,O
 ,O
c,B
o,I
o,I
k,E
 ,O
f,B
o,I
r,E
 ,O
4,S
 ,O
m,B
o,I
r,I
e,E
 ,O
m,B
i,I
n,I
u,I
t,I
e,I
s,E
 ,O
a,B
d,I
d,E
 ,O
b,B
u,I
t,I
t,I
e,I
r,E
 ,O
 ,O
a,B
d,I
d,E
 ,O
g,B
a,I
r,I
l,I
i,I
c,E
 ,O
 ,O
c,B
o,I
o,I
k,E
 ,O
2,S
 ,O
m,B
i,I
n,E
 ,O
u,B
n,I
t,I
i,I
l,E
 ,O
f,B
r,I
a,I
g,I
r,I
a,I
n,I
t,E
 ,O
 ,O
a,B
d,I
d,E
 ,O
f,B
l,I
o,I
u,I
r,E
 ,O
 ,O
s,B
t,I
i,I
r,E
 ,O
t,B
o,E
 ,O
c,B
o,I
m,I
b,I
i,I
n,I
e,E
 ,O
 ,O
c,B
o,I
o,I
k,E
 ,O
1,S
 ,O
m,B
i,I
n,E
 ,O
a,B
d,I
d,E
 ,O
h,B
a,I
l,I
f,E
 ,O
a,B
n,I
d,E
 ,O
h,B
a,I
l,I
f,E
 ,O
s,B
l,I
o,I
w,I
l,I
y,E
 ,O
 ,O
a,B
l,I
l,I
o,I
w,E
 ,O
t,B
o,E
 ,O
c,B
o,I
m,I
e,E
 ,O
b,B
a,I
c,I
k,E
 ,O
t,B
o,E
 ,O
a,S
 ,O
s,B
i,I
m,I
m,I
e,I
r,E
 ,O
 ,O
a,B
d,I
d,E
 ,O
m,B
i,I
l,I
k,E
 ,O
s,B
l,I
o,I
w,I
l,I
y,E
 ,O
 ,O
b,B
r,I
i,I
n,I
g,E
 ,O
b,B
a,I
c,I
k,E
 ,O
t,B
o,E
 ,O
a,S
 ,O
s,B
t,I
r,I
o,I
n,I
g,E
 ,O
s,B
i,I
m,I
m,I
e,I
r,E
 ,O
s,B
i,I
m,I
m,I
e,I
r,E
 ,O
f,B
o,I
r,E
 ,O
2,S
 ,O
m,B
i,I
n,E
 ,O
 ,O
a,B
d,I
d,E
 ,O
t,B
h,I
e,E
 ,O
r,B
o,I
m,I
a,I
n,I
o,E
 ,O
c,B
h,I
e,I
e,I
s,I
e,E
 ,O
 ,O
s,B
t,I
i,I
r,E
 ,O
t,B
o,E
 ,O
c,B
o,I
m,I
b,I
i,I
n,I
e,E
 ,O
a,B
d,I
d,E
 ,O
p,B
i,I
e,I
r,I
o,I
g,I
i,E
 ,O
b,B
a,I
c,I
k,E
 ,O
t,B
o,E
 ,O
p,B
a,I
n,E
 ,O
s,B
a,I
u,I
c,I
e,E
 ,O
 ,O
s,B
t,I
i,I
r,E
 ,O
t,B
o,E
 ,O
c,B
o,I
v,I
e,I
r,E
 ,O
 ,O
r,B
e,I
d,I
u,I
c,I
e,E
 ,O
h,B
e,I
a,I
t,E
 ,O
a,B
n,I
d,E
 ,O
s,B
i,I
m,I
m,I
e,I
r,E
 ,O
f,B
o,I
r,E
 ,O
1,B
2,E
 ,O
m,B
i,I
n,E
 ,O
w,B
h,I
i,I
l,I
e,E
 ,O
s,B
l,I
i,I
c,I
i,I
n,I
g,E
 ,O
c,B
h,I
i,I
c,I
k,I
e,I
n,E
 ,O
 ,O
a,B
d,I
d,E
 ,O
c,B
h,I
i,I
c,I
k,I
e,I
n,E
 ,O
t,B
o,E
 ,O
p,B
a,I
n,E
 ,O
 ,O
t,B
u,I
r,I
n,E
 ,O
o,B
f,I
f,E
 ,O
h,B
e,I
a,I
t,E
 ,O
 ,O
s,B
t,I
i,I
r,E
 ,O
 ,O
p,B
l,I
a,I
t,I
e,E
 ,O
t,B
h,I
e,E
 ,O
p,B
i,I
e,I
r,I
o,I
g,I
i,E
 ,O
 ,O
c,B
h,I
i,I
c,I
k,I
e,I
n,E
 ,O
 ,O
s,B
a,I
u,I
c,I
e,E
 ,O
 ,O
a,B
n,I
d,E
 ,O
v,B
e,I
g,I
g,I
i,I
e,I
s,E
 ,O
i,B
n,E
 ,O
a,S
 ,O
s,B
t,I
o,I
n,I
e,E
 ,O
w,B
a,I
r,I
e,E
 ,O
b,B
o,I
w,I
l,E
 ,O
l,B
i,I
b,I
e,I
r,I
a,I
l,I
l,I
y,E
 ,O
s,B
p,I
r,I
i,I
n,I
k,I
l,I
e,E
 ,O
s,B
h,I
a,I
v,I
e,I
d,E
 ,O
p,B
a,I
r,I
m,I
e,I
s,I
a,I
n,E
 ,O
a,B
n,I
d,E
 ,O
r,B
o,I
m,I
a,I
n,I
o,E
 ,O
o,B
v,I
e,I
r,E
 ,O
d,B
i,I
s,I
h,E
 ,O
 ,O
p,B
l,I
a,I
c,I
e,E
 ,O
i,B
n,E
 ,O
o,B
v,I
e,I
n,E
 ,O
d,B
i,I
r,I
e,I
c,I
t,I
l,I
y,E
 ,O
u,B
n,I
d,I
e,I
r,E
 ,O
b,B
r,I
o,I
i,I
l,I
e,I
r,E
 ,O
f,B
o,I
r,E
 ,O
3,S
 ,O
m,B
i,I
n,E
 ,O
o,B
r,E
 ,O
u,B
n,I
t,I
i,I
l,E
 ,O
g,B
o,I
l,I
d,I
e,I
n,E
 ,O
b,B
r,I
o,I
w,I
n,E
 ,O
g,B
a,I
r,I
n,I
i,I
s,I
h,E
 ,O
w,B
i,I
t,I
h,E
 ,O
g,B
r,I
e,I
e,I
n,E
 ,O
o,B
n,I
i,I
o,I
n,I
s,E
 ,O
 ,O
a,B
n,I
d,E
 ,O
a,S
 ,O
l,B
i,I
t,I
t,I
l,I
e,E
 ,O
s,B
h,I
a,I
v,I
e,I
d,E
 ,O
p,B
a,I
r,I
m,E
 ,O
c,B
a,I
r,I
r,I
o,I
t,E
 ,O
c,B
a,I
k,I
e,E
 ,O
h,B
a,I
s,E
 ,O
a,B
l,I
w,I
a,I
y,I
s,E
 ,O
b,B
a,I
f,I
f,I
l,I
e,I
d,E
 ,O
m,B
e,E
 ,O
 ,O
i,B
t,E
 ,O
t,B
a,I
s,I
t,I
e,I
s,E
 ,O
g,B
o,I
o,I
d,E
 ,O
y,B
e,I
t,E
 ,O
i,B
t,E
 ,O
s,S
 ,O
m,B
a,I
d,I
e,E
 ,O
u,B
s,I
i,I
n,I
g,E
 ,O
v,B
e,I
g,I
e,I
t,I
a,I
b,I
l,I
e,I
s,E
 ,O
i,B
t,E
 ,O
l,B
o,I
o,I
k,I
s,E
 ,O
g,B
r,I
e,I
a,I
t,E
 ,O
 ,O
y,B
o,I
u,E
 ,O
e,B
i,I
t,I
h,I
e,I
r,E
 ,O
w,B
e,I
n,I
t,E
 ,O
e,B
a,I
s,I
y,E
 ,O
o,B
n,E
 ,O
t,B
h,I
e,E
 ,O
o,B
n,I
i,I
o,I
n,E
 ,O
o,B
r,E
 ,O
y,B
o,I
u,E
 ,O
h,B
a,I
d,E
 ,O
o,B
n,I
e,E
 ,O
h,B
e,I
l,I
l,E
 ,O
o,B
f,E
 ,O
a,S
 ,O
f,B
i,I
n,I
e,E
 ,O
c,B
h,I
o,I
p,E
 ,O
o,B
n,E
 ,O
t,B
h,I
e,I
m,E
 ,O
 ,O
i,S
 ,O
c,B
a,I
n,E
 ,O
o,B
n,I
l,I
y,E
 ,O
p,B
i,I
c,I
k,E
 ,O
o,B
n,I
e,E
 ,O
o,B
n,I
i,I
o,I
n,E
 ,O
p,B
i,I
e,I
c,I
e,E
 ,O
o,B
u,I
t,E
 ,O
i,B
n,E
 ,O
t,B
h,I
e,E
 ,O
p,B
h,I
o,I
t,I
o,E
 ,O
 ,O
a,B
l,I
s,I
o,E
 ,O
i,B
s,E
 ,O
t,B
h,I
a,I
t,E
 ,O
t,B
v,I
p,I
v,I
e,I
g,I
g,I
i,I
e,E
 ,O
c,B
r,I
u,I
m,I
b,I
l,I
e,I
s,E
 ,O
i,B
n,E
 ,O
t,B
h,I
e,I
r,I
e,E
 ,O
r,B
a,I
t,I
h,I
e,I
r,E
 ,O
t,B
h,I
a,I
n,E
 ,O
m,B
e,I
a,I
t,E
 ,O
h,B
a,I
v,I
e,E
 ,O
m,B
y,E
 ,O
c,B
h,I
i,I
l,I
d,I
r,I
e,I
n,E
 ,O
o,B
n,I
e,E
 ,O
b,B
l,I
a,I
c,I
k,E
 ,O
m,B
o,I
l,I
e,E
 ,O
e,B
n,I
c,I
h,I
i,I
l,I
a,I
d,I
a,E
 ,O
 ,O
o,B
n,I
e,E
 ,O
r,B
e,I
d,E
 ,O
m,B
o,I
l,I
e,E
 ,O
e,B
n,I
c,I
h,I
i,I
l,I
a,I
d,I
a,E
 ,O
 ,O
c,B
u,I
r,I
e,I
d,E
 ,O
m,B
e,I
a,I
t,E
 ,O
 ,O
s,B
p,I
i,I
c,I
y,E
 ,O
c,B
u,I
r,I
e,I
d,E
 ,O
m,B
e,I
a,I
t,E
 ,O
 ,O
c,B
h,I
o,I
r,I
i,I
z,I
o,E
 ,O
a,B
n,I
d,E
 ,O
o,B
a,I
x,I
a,I
c,I
a,E
 ,O
c,B
h,I
e,I
e,I
s,I
e,E
 ,O
i,S
 ,O
w,B
a,I
s,E
 ,O
p,B
i,I
c,I
t,I
u,I
r,I
i,I
n,I
g,E
 ,O
f,B
r,I
a,I
s,I
i,I
e,I
r,E
 ,O
m,B
a,I
k,I
i,I
n,I
g,E
 ,O
i,B
t,E
 ,O
i,B
n,E
 ,O
a,S
 ,O
h,B
u,I
r,I
r,I
y,E
 ,O
b,B
e,I
c,I
a,I
u,I
s,I
e,E
 ,O
h,B
e,E
 ,O
h,B
a,I
d,E
 ,O
p,B
r,I
o,I
m,I
i,I
s,I
e,I
d,E
 ,O
s,B
o,I
m,I
e,I
o,I
n,I
e,E
 ,O
a,S
 ,O
c,B
a,I
k,I
e,E
 ,O
o,B
r,E
 ,O
s,B
o,I
m,I
e,I
t,I
h,I
i,I
n,I
g,E
 ,O
 ,O
b,B
u,I
t,E
 ,O
t,B
h,I
e,I
n,E
 ,O
i,S
 ,O
s,B
a,I
w,E
 ,O
i,B
t,E
 ,O
w,B
a,I
s,E
 ,O
m,B
u,I
c,I
h,E
 ,O
t,B
o,I
o,E
 ,O
e,B
l,I
e,I
g,I
a,I
n,I
t,E
 ,O
f,B
o,I
r,E
 ,O
h,B
i,I
m,E
 ,O
 ,O
b,B
e,I
s,I
i,I
d,I
e,I
s,E
 ,O
 ,O
i,S
 ,O
w,B
o,I
u,I
l,I
d,E
 ,O
h,B
a,I
v,I
e,E
 ,O
r,B
e,I
m,I
e,I
m,I
b,I
e,I
r,I
e,I
d,E
 ,O
a,B
n,E
 ,O
e,B
p,I
i,I
s,I
o,I
d,I
e,E
 ,O
w,B
i,I
t,I
h,E
 ,O
h,B
i,I
m,E
 ,O
a,B
n,I
d,E
 ,O
i,S
 ,O
c,B
a,I
k,I
e,E
 ,O
i,S
 ,O
t,B
h,I
i,I
n,I
k,E
 ,O
i,S
 ,O
m,S
 ,O
s,B
u,I
r,I
e,E
 ,O
i,B
t,E
 ,O
t,B
a,I
s,I
t,I
e,I
s,E
 ,O
a,B
m,I
a,I
z,I
i,I
n,I
g,E
 ,O
 ,O
b,B
u,I
t,E
 ,O
t,B
h,I
a,I
t,E
 ,O
l,B
o,I
o,I
k,I
s,E
 ,O
l,B
i,I
k,I
e,E
 ,O
i,B
t,I
s,E
 ,O
h,B
a,I
r,I
d,E
 ,O
t,B
o,E
 ,O
k,B
e,I
e,I
p,E
 ,O
d,B
o,I
w,I
n,E
 ,O
m,B
y,E
 ,O
f,B
i,I
r,I
s,I
t,E
 ,O
t,B
r,I
y,E
 ,O
u,B
s,I
i,I
n,I
g,E
 ,O
r,B
e,I
c,I
i,I
p,I
e,E
 ,O
 ,O
h,B
t,I
t,I
p,E
 ,O
 ,O
e,B
n,I
t,I
e,I
r,I
t,I
a,I
i,I
n,I
i,I
n,I
g,I
w,I
i,I
t,I
h,I
b,I
e,I
t,I
h,I
c,I
o,I
m,I
f,I
o,I
o,I
l,I
p,I
r,I
o,I
o,I
f,I
f,I
r,I
e,I
n,I
c,I
h,I
m,I
a,I
c,I
a,I
r,I
o,I
n,I
r,I
e,I
c,I
i,I
p,I
e,I
a,B
r,I
e,E
 ,O
y,B
o,I
u,E
 ,O
s,B
p,I
e,I
l,I
l,I
i,I
n,I
g,E
 ,O
f,B
r,I
a,I
s,I
i,I
e,I
r,E
 ,O
w,B
r,I
o,I
n,I
g,E
 ,O
a,B
n,I
d,E
 ,O
m,B
a,I
k,I
i,I
n,I
g,E
 ,O
a,S
 ,O
c,B
a,I
k,I
e,E
 ,O
u,B
n,I
r,I
e,I
l,I
a,I
t,I
e,I
d,E
 ,O
t,B
o,E
 ,O
f,B
r,I
a,I
s,I
i,I
e,I
r,E
 ,O
 ,O
o,B
r,E
 ,O
i,B
s,E
 ,O
f,B
r,I
a,I
i,I
s,I
i,I
e,I
r,E
 ,O
s,B
o,I
m,I
e,I
t,I
h,I
i,I
n,I
g,E
 ,O
e,B
l,I
s,I
e,I
t,B
h,I
o,I
s,I
e,E
 ,O
t,B
i,I
n,I
y,E
 ,O
h,B
a,I
m,I
b,I
u,I
r,I
g,I
e,I
r,I
s,E
 ,O
l,B
o,I
o,I
k,E
 ,O
d,B
e,I
l,I
i,I
c,I
i,I
o,I
u,I
s,I
i,S
 ,O
d,B
o,E
 ,O
n,B
t,E
 ,O
k,B
n,I
o,I
w,E
 ,O
w,B
h,I
y,E
 ,O
n,B
o,E
 ,O
o,B
n,I
e,E
 ,O
e,B
l,I
s,I
e,E
 ,O
c,B
o,I
m,I
m,I
e,I
n,I
t,I
e,I
d,E
 ,O
b,B
u,I
t,E
 ,O
t,B
h,I
a,I
t,E
 ,O
l,B
o,I
o,I
k,I
s,E
 ,O
g,B
o,I
o,I
d,E
 ,O
a,B
f,E
 ,O
t,B
h,I
e,E
 ,O
o,B
n,I
l,I
y,E
 ,O
g,B
a,I
r,I
n,I
i,I
s,I
h,E
 ,O
i,S
 ,O
n,B
e,I
e,I
d,E
 ,O
f,B
o,I
r,E
 ,O
m,B
y,E
 ,O
m,B
i,I
m,I
o,I
s,I
a,E
 ,O
i,B
s,E
 ,O
a,S
 ,O
s,B
e,I
c,I
o,I
n,I
d,E
 ,O
m,B
i,I
m,I
o,I
s,I
a,E
 ,O
h,B
o,I
w,E
 ,O
d,B
o,E
 ,O
y,B
o,I
u,E
 ,O
c,B
o,I
o,I
k,E
 ,O
t,B
h,I
e,E
 ,O
o,B
c,I
t,I
o,I
p,I
u,I
s,E
 ,O
 ,O
i,S
 ,O
f,B
i,I
n,I
d,E
 ,O
i,B
t,E
 ,O
r,B
e,I
a,I
l,I
l,I
y,E
 ,O
h,B
a,I
r,I
d,E
 ,O
t,B
o,E
 ,O
d,B
o,E
 ,O
c,B
o,I
r,I
r,I
e,I
c,I
t,I
l,I
y,E
 ,O
m,B
e,I
t,I
h,I
o,I
d,E
 ,O
 ,O
i,B
n,I
s,I
t,I
r,I
u,I
c,I
t,I
i,I
o,I
n,I
s,E
 ,O
a,B
n,I
d,E
 ,O
p,B
r,I
o,I
c,I
e,I
e,I
d,E
 ,O
t,B
o,E
 ,O
s,B
k,I
i,I
m,I
p,E
 ,O
o,B
n,E
 ,O
t,B
h,I
e,E
 ,O
m,B
e,I
a,I
t,E
 ,O
i,B
n,E
 ,O
t,B
h,I
e,E
 ,O
s,B
a,I
n,I
d,I
w,I
i,I
c,I
h,I
e,I
s,I
d,B
o,E
 ,O
y,B
o,I
u,E
 ,O
h,B
a,I
v,I
e,E
 ,O
t,B
h,I
e,E
 ,O
r,B
e,I
c,I
i,I
p,I
e,E
 ,O
f,B
o,I
r,E
 ,O
m,B
e,E
 ,O
 ,O
l,B
o,I
o,I
k,I
s,E
 ,O
d,B
e,I
l,I
i,I
c,I
i,I
o,I
u,I
s,E
 ,O
 ,O
 ,O
c,B
t,I
h,I
u,I
l,I
h,I
u,E
 ,O
s,B
a,I
l,I
a,I
d,E
 ,O
 ,O
c,B
o,I
u,I
n,I
t,E
 ,O
m,B
e,E
 ,O
i,B
n,E
 ,O
r,B
r,I
e,I
u,I
b,I
e,I
n,I
s,I
s,B
e,I
r,I
i,I
o,I
u,I
s,E
 ,O
q,B
u,I
e,I
s,I
t,I
i,I
o,I
n,E
 ,O
i,S
 ,O
t,B
h,I
o,I
u,I
g,I
h,I
t,E
 ,O
s,B
m,I
o,I
k,I
e,I
d,E
 ,O
c,B
o,I
r,I
n,I
e,I
d,E
 ,O
b,B
e,I
e,I
f,E
 ,O
w,B
i,I
t,I
h,E
 ,O
a,B
n,E
 ,O
o,B
u,I
t,I
e,I
r,E
 ,O
c,B
o,I
a,I
t,I
i,I
n,I
g,E
 ,O
o,B
f,E
 ,O
b,B
l,I
a,I
c,I
k,E
 ,O
p,B
e,I
p,I
p,I
e,I
r,E
 ,O
w,B
a,I
s,E
 ,O
p,B
a,I
s,I
t,I
r,I
a,I
m,I
i,E
 ,O
a,B
n,I
y,I
o,I
n,I
e,E
 ,O
k,B
n,I
o,I
w,E
 ,O
t,B
h,I
e,E
 ,O
d,B
i,I
f,I
f,I
e,I
r,I
e,I
n,I
c,I
e,E
 ,O
b,B
e,I
t,I
w,I
e,I
e,I
n,E
 ,O
c,B
o,I
r,I
n,I
e,I
d,E
 ,O
b,B
e,I
e,I
f,E
 ,O
a,B
m,I
p,E
 ,O
 ,O
p,B
a,I
s,I
t,I
r,I
a,I
m,I
i,E
 ,O
i,S
 ,O
v,B
e,E
 ,O
n,B
e,I
v,I
e,I
r,E
 ,O
h,B
a,I
d,E
 ,O
a,S
 ,O
b,B
a,I
d,E
 ,O
r,B
e,I
u,I
b,I
e,I
n,E
 ,O
b,B
e,I
f,I
o,I
r,I
e,I
i,S
 ,O
m,S
 ,O
a,S
 ,O
h,B
u,I
g,I
e,E
 ,O
f,B
a,I
n,E
 ,O
o,B
f,E
 ,O
c,B
o,I
m,I
p,I
o,I
s,I
e,I
d,E
 ,O
s,B
a,I
l,I
a,I
d,I
s,E
 ,O
l,B
i,I
k,I
e,E
 ,O
t,B
h,I
i,I
s,E
 ,O
l,B
o,I
o,I
k,I
s,E
 ,O
v,B
e,I
r,I
y,E
 ,O
n,B
i,I
c,I
e,I
g,B
r,I
e,I
a,I
t,E
 ,O
l,B
o,I
o,I
k,I
i,I
n,I
g,E
 ,O
m,B
e,I
a,I
t,E
 ,O
i,S
 ,O
l,B
i,I
k,I
e,E
 ,O
m,B
i,I
n,I
e,E
 ,O
s,B
l,I
o,I
p,I
p,I
y,E
 ,O
t,B
h,I
o,I
u,I
g,I
h,E
 ,O
 ,O
w,B
i,I
t,I
h,E
 ,O
l,B
o,I
t,I
s,E
 ,O
o,B
f,E
 ,O
s,B
a,I
u,I
e,I
r,I
k,I
r,I
a,I
u,I
t,E
 ,O
a,B
n,I
d,E
 ,O
d,B
r,I
e,I
s,I
s,I
i,I
n,I
g,E
 ,O
f,B
u,I
c,I
k,E
 ,O
m,B
e,E
 ,O
 ,O
t,B
h,I
a,I
t,E
 ,O
s,S
 ,O
a,B
m,I
a,I
z,I
i,I
n,I
g,E
 ,O
c,B
a,I
n,E
 ,O
y,B
o,I
u,E
 ,O
p,B
l,I
e,I
a,I
s,I
e,E
 ,O
p,B
u,I
t,E
 ,O
i,B
n,I
s,I
t,I
r,I
u,I
c,I
t,I
i,I
o,I
n,I
s,E
 ,O
a,B
n,I
d,E
 ,O
r,B
e,I
c,I
i,I
p,I
e,E
 ,O
t,B
h,I
a,I
t,E
 ,O
l,B
o,I
o,I
k,I
s,E
 ,O
i,B
n,I
c,I
r,I
e,I
d,I
i,I
b,I
l,I
e,I
m,B
o,I
r,I
b,I
i,I
d,I
b,B
e,I
a,I
u,I
t,I
i,I
f,I
u,I
l,E
 ,O
h,B
o,I
w,E
 ,O
d,B
o,E
 ,O
r,B
i,I
b,I
s,E
 ,O
b,B
r,I
e,I
a,I
k,E
 ,O
d,B
o,I
w,I
n,E
 ,O
i,B
n,E
 ,O
t,B
h,I
e,E
 ,O
s,B
o,I
u,I
s,E
 ,O
v,B
i,I
d,I
e,E
 ,O
 ,O
m,B
a,I
y,E
 ,O
i,S
 ,O
a,B
s,I
k,E
 ,O
h,B
o,I
w,E
 ,O
m,B
u,I
c,I
h,E
 ,O
y,B
o,I
u,I
r,E
 ,O
m,B
a,I
c,I
h,I
i,I
n,I
e,E
 ,O
c,B
o,I
s,I
t,I
s,E
 ,O
a,B
n,I
d,E
 ,O
w,B
h,I
a,I
t,E
 ,O
k,B
i,I
n,I
d,E
 ,O
 ,O
c,B
o,I
o,I
k,I
i,I
n,I
g,E
 ,O
i,B
s,E
 ,O
m,B
y,E
 ,O
p,B
a,I
s,I
s,I
i,I
o,I
n,E
 ,O
 ,O
b,B
u,I
t,E
 ,O
t,B
h,I
e,I
y,E
 ,O
a,B
r,I
e,E
 ,O
s,B
u,I
c,I
h,E
 ,O
e,B
x,I
p,I
e,I
n,I
s,I
i,I
v,I
e,E
 ,O
a,B
n,I
d,E
 ,O
l,B
i,I
m,I
i,I
t,I
e,I
d,E
 ,O
r,B
e,I
a,I
l,E
 ,O
e,B
s,I
t,I
a,I
t,I
e,E
 ,O
i,B
n,E
 ,O
m,B
y,E
 ,O
s,B
m,I
a,I
l,I
l,E
 ,O
k,B
i,I
t,I
c,I
h,I
e,I
n,E
 ,O
c,B
a,I
n,E
 ,O
i,S
 ,O
h,B
a,I
v,I
e,E
 ,O
o,B
n,I
e,E
 ,O
 ,O
t,B
h,I
a,I
t,E
 ,O
l,B
o,I
o,I
k,I
s,E
 ,O
a,B
m,I
a,I
z,I
i,I
n,I
g,E
 ,O
o,B
r,I
a,I
n,I
g,I
e,E
 ,O
b,B
l,I
o,I
s,I
s,I
o,I
m,E
 ,O
o,B
i,I
l,E
 ,O
i,B
n,E
 ,O
t,B
h,I
e,E
 ,O
w,B
h,I
i,I
t,I
e,E
 ,O
c,B
h,I
o,I
c,I
o,I
l,I
a,I
t,I
e,E
 ,O
g,B
a,I
n,I
a,I
c,I
h,I
e,E
 ,O
f,B
i,I
l,I
l,I
i,I
n,I
g,E
 ,O
t,B
h,I
i,I
s,E
 ,O
i,B
s,E
 ,O
m,B
y,E
 ,O
6,B
t,I
h,E
 ,O
o,B
r,E
 ,O
7,B
t,I
h,E
 ,O
b,B
a,I
t,I
c,I
h,E
 ,O
s,B
u,I
c,I
h,E
 ,O
a,S
 ,O
f,B
r,I
u,I
s,I
t,I
r,I
a,I
t,I
i,I
n,I
g,E
 ,O
l,B
e,I
a,I
r,I
n,I
i,I
n,I
g,E
 ,O
e,B
x,I
p,I
e,I
r,I
i,I
e,I
n,I
c,I
e,E
 ,O
 ,O
a,S
 ,O
f,B
i,I
n,I
i,I
c,I
k,I
y,E
 ,O
p,B
a,I
s,I
t,I
r,I
y,E
 ,O
 ,O
i,B
n,I
d,I
e,I
e,I
d,E
 ,O
i,S
 ,O
c,B
a,I
n,E
 ,O
b,B
e,E
 ,O
q,B
u,I
i,I
t,I
e,E
 ,O
t,B
h,I
e,E
 ,O
s,B
h,I
o,I
w,E
 ,O
a,B
d,I
d,I
i,I
c,I
t,E
 ,O
 ,O
a,B
n,I
d,E
 ,O
i,S
 ,O
v,B
e,E
 ,O
s,B
e,I
e,I
n,E
 ,O
s,B
o,I
m,I
e,E
 ,O
g,B
r,I
e,I
a,I
t,E
 ,O
s,B
h,I
o,I
w,I
s,E
 ,O
o,B
n,E
 ,O
f,B
o,I
o,I
d,E
 ,O
i,S
 ,O
d,S
 ,O
l,B
o,I
v,I
e,E
 ,O
t,B
o,E
 ,O
h,B
e,I
a,I
r,E
 ,O
w,B
h,I
a,I
t,E
 ,O
s,B
o,I
m,I
e,E
 ,O
o,B
f,E
 ,O
r,B
f,I
o,I
o,I
d,E
 ,O
s,S
 ,O
f,B
a,I
v,I
o,I
r,I
i,I
t,I
e,I
s,E
 ,O
a,B
r,I
e,E
 ,O
 ,O
h,B
e,I
r,I
e,E
 ,O
a,B
r,I
e,E
 ,O
s,B
o,I
m,I
e,E
 ,O
o,B
f,E
 ,O
t,B
h,I
e,E
 ,O
s,B
h,I
o,I
w,I
s,E
 ,O
i,S
 ,O
r,B
e,I
a,I
l,I
l,I
y,E
 ,O
e,B
n,I
j,I
o,I
y,I
e,I
d,E
 ,O
 ,O
j,B
i,I
r,I
o,E
 ,O
d,B
r,I
e,I
a,I
m,I
s,E
 ,O
o,B
f,E
 ,O
s,B
u,I
s,I
h,I
i,E
 ,O
 ,O
i,S
 ,O
p,B
e,I
r,I
s,I
o,I
n,I
a,I
l,I
l,I
y,E
 ,O
l,B
o,I
v,I
e,E
 ,O
s,B
u,I
s,I
h,I
i,E
 ,O
 ,O
i,B
t,E
 ,O
s,S
 ,O
h,B
a,I
n,I
d,I
s,E
 ,O
d,B
o,I
w,I
n,E
 ,O
m,B
y,E
 ,O
f,B
a,I
v,I
o,I
r,I
i,I
t,I
e,E
 ,O
f,B
o,I
o,I
d,E
 ,O
t,B
h,I
i,I
s,E
 ,O
d,B
o,I
c,I
u,I
m,I
e,I
n,I
t,I
a,I
r,I
y,E
 ,O
r,B
e,I
v,I
o,I
l,I
v,I
e,I
s,E
 ,O
a,B
r,I
o,I
u,I
n,I
d,E
 ,O
j,B
i,I
r,I
o,E
 ,O
w,B
h,I
o,E
 ,O
h,B
a,I
s,E
 ,O
d,B
e,I
d,I
i,I
c,I
a,I
t,I
e,I
d,E
 ,O
h,B
i,I
s,E
 ,O
e,B
n,I
t,I
i,I
r,I
e,E
 ,O
l,B
i,I
f,I
e,E
 ,O
t,B
o,E
 ,O
p,B
e,I
r,I
f,I
e,I
c,I
t,I
i,I
n,I
g,E
 ,O
h,B
i,I
s,E
 ,O
c,B
r,I
a,I
f,I
t,E
 ,O
t,B
h,I
e,E
 ,O
a,B
r,I
t,E
 ,O
o,B
f,E
 ,O
m,B
a,I
k,I
i,I
n,I
g,E
 ,O
s,B
u,I
s,I
h,I
i,E
 ,O
 ,O
m,B
a,I
s,I
t,I
e,I
r,I
c,I
h,I
e,I
f,E
 ,O
 ,O
m,B
y,E
 ,O
f,B
a,I
v,I
o,I
r,I
i,I
t,I
e,E
 ,O
o,B
f,E
 ,O
t,B
h,I
e,E
 ,O
m,B
a,I
n,I
y,E
 ,O
s,B
h,I
o,I
w,I
s,E
 ,O
t,B
h,I
a,I
t,E
 ,O
f,B
o,I
l,I
l,I
o,I
w,E
 ,O
t,B
h,I
e,E
 ,O
r,B
o,I
u,I
n,I
d,E
 ,O
b,B
y,E
 ,O
r,B
o,I
u,I
n,I
d,E
 ,O
e,B
l,I
i,I
m,I
i,I
n,I
a,I
t,I
i,I
o,I
n,E
 ,O
s,B
t,I
y,I
l,I
e,E
 ,O
i,S
 ,O
t,B
h,I
i,I
n,I
k,E
 ,O
t,B
h,I
e,E
 ,O
j,B
u,I
d,I
g,I
i,I
n,I
g,E
 ,O
i,B
s,E
 ,O
p,B
r,I
e,I
t,I
t,I
y,E
 ,O
b,B
i,I
a,I
s,I
e,I
d,E
 ,O
h,B
o,I
w,I
e,I
v,I
e,I
r,E
 ,O
 ,O
t,B
h,I
e,I
y,E
 ,O
s,B
e,I
e,I
m,E
 ,O
t,B
o,E
 ,O
p,B
i,I
c,I
k,E
 ,O
m,B
o,I
r,I
e,E
 ,O
f,B
o,I
r,E
 ,O
t,B
h,I
e,E
 ,O
a,B
u,I
d,I
i,I
e,I
n,I
c,I
e,E
 ,O
a,B
n,I
d,E
 ,O
r,B
a,I
t,I
i,I
n,I
g,I
s,E
 ,O
t,B
h,I
a,I
n,E
 ,O
a,B
c,I
t,I
u,I
a,I
l,E
 ,O
f,B
o,I
o,I
d,E
 ,O
 ,O
e,B
s,I
p,I
e,I
c,I
i,I
a,I
l,I
l,I
y,E
 ,O
w,B
h,I
e,I
n,E
 ,O
i,B
t,E
 ,O
s,S
 ,O
a,S
 ,O
c,B
l,I
o,I
s,I
e,E
 ,O
r,B
a,I
c,I
e,E
 ,O
 ,O
i,B
r,I
o,I
n,E
 ,O
c,B
h,I
e,I
f,E
 ,O
 ,O
t,B
h,I
i,I
s,E
 ,O
s,B
h,I
o,I
w,E
 ,O
t,B
r,I
u,I
l,I
y,E
 ,O
s,B
h,I
o,I
w,I
c,I
a,I
s,I
e,I
s,E
 ,O
p,B
e,I
o,I
p,I
l,I
e,E
 ,O
w,B
h,I
o,E
 ,O
h,B
a,I
v,I
e,E
 ,O
s,B
p,I
e,I
n,I
t,E
 ,O
a,S
 ,O
l,B
a,I
r,I
g,I
e,E
 ,O
p,B
o,I
r,I
t,I
i,I
o,I
n,E
 ,O
f,B
o,E
 ,O
t,B
h,I
e,I
i,I
r,E
 ,O
l,B
i,I
f,I
e,E
 ,O
i,B
n,E
 ,O
t,B
h,I
e,E
 ,O
k,B
i,I
t,I
c,I
h,I
e,I
n,E
 ,O
y,B
o,I
u,E
 ,O
w,B
a,I
t,I
c,I
h,E
 ,O
t,B
w,I
o,E
 ,O
m,B
a,I
s,I
t,I
e,I
r,I
s,E
 ,O
b,B
a,I
t,I
t,I
l,I
e,E
 ,O
i,B
t,E
 ,O
o,B
u,I
t,E
 ,O
a,B
n,I
d,E
 ,O
p,B
u,I
t,E
 ,O
o,B
u,I
t,E
 ,O
s,B
o,I
m,I
e,E
 ,O
r,B
e,I
a,I
l,I
l,I
y,E
 ,O
c,B
r,I
e,I
a,I
t,I
i,I
v,I
e,E
 ,O
a,B
n,I
d,E
 ,O
g,B
r,I
e,I
a,I
t,E
 ,O
l,B
o,I
o,I
k,E
 ,O
d,B
i,I
s,I
h,I
e,I
s,E
 ,O
a,B
l,I
s,I
o,E
 ,O
c,B
h,I
e,I
f,E
 ,O
m,B
o,I
r,I
i,I
m,I
o,I
t,I
o,E
 ,O
i,B
s,E
 ,O
a,S
 ,O
b,B
a,I
d,E
 ,O
a,B
s,I
s,E
 ,O
 ,O
s,B
h,I
o,I
k,I
u,I
g,I
e,I
k,I
i,E
 ,O
n,B
o,E
 ,O
s,B
o,I
u,I
m,I
a,E
 ,O
 ,O
f,B
o,I
o,I
d,E
 ,O
w,B
a,I
r,I
s,E
 ,O
 ,O
 ,O
a,B
n,E
 ,O
a,B
n,I
i,I
m,I
a,I
t,I
e,I
d,E
 ,O
 ,O
a,B
n,I
i,I
m,I
e,E
 ,O
 ,O
s,B
e,I
r,I
i,I
e,I
s,E
 ,O
c,B
e,I
n,I
t,I
e,I
r,E
 ,O
a,B
r,I
o,I
u,I
n,I
d,E
 ,O
f,B
o,I
o,I
d,E
 ,O
b,B
a,I
t,I
t,I
l,I
e,I
s,E
 ,O
i,B
f,E
 ,O
a,B
n,I
i,I
m,I
e,E
 ,O
i,B
s,E
 ,O
y,B
o,I
u,I
r,E
 ,O
t,B
h,I
i,I
n,I
g,E
 ,O
y,B
o,I
u,E
 ,O
l,B
l,E
 ,O
p,B
r,I
o,I
b,I
a,I
b,I
l,I
y,E
 ,O
e,B
n,I
j,I
o,I
y,E
 ,O
i,B
t,E
 ,O
 ,O
i,S
 ,O
s,B
u,I
r,I
e,E
 ,O
d,B
i,I
d,E
 ,O
g,B
r,I
e,I
a,I
t,E
 ,O
 ,O
n,B
o,I
w,E
 ,O
i,S
 ,O
w,B
a,I
n,I
t,E
 ,O
a,S
 ,O
 ,O
f,B
i,I
l,I
e,I
t,I
o,I
f,I
i,I
s,I
h,E
 ,O
 ,O
 ,O
h,B
t,I
t,I
p,I
s,E
 ,O
 ,O
m,B
c,I
d,I
o,I
n,I
a,I
l,I
d,I
s,I
c,I
o,I
m,I
a,I
u,I
s,I
i,I
t,I
e,I
s,I
m,I
c,I
d,I
o,I
n,I
a,I
l,I
d,I
s,I
c,I
o,I
m,I
a,I
u,I
f,I
i,I
l,I
e,I
s,I
h,I
e,I
r,I
o,I
_,I
p,I
d,I
t,I
_,I
f,I
i,I
l,I
e,I
t,I
o,I
f,I
i,I
s,I
h,I
p,I
n,I
g,E
 ,O
w,B
h,I
e,I
n,E
 ,O
m,B
a,I
c,I
a,I
r,I
o,I
n,I
s,E
 ,O
a,B
r,I
e,E
 ,O
b,B
a,I
k,I
e,I
d,E
 ,O
t,B
h,I
e,E
 ,O
t,B
o,I
p,E
 ,O
s,B
h,I
e,I
l,I
l,E
 ,O
l,B
a,I
y,I
e,I
r,E
 ,O
o,B
f,E
 ,O
t,B
h,I
e,E
 ,O
m,B
a,I
c,I
a,I
r,I
o,I
n,E
 ,O
c,B
o,I
o,I
k,I
s,E
 ,O
a,B
n,I
d,E
 ,O
i,B
t,E
 ,O
m,B
e,I
a,I
n,I
s,E
 ,O
t,B
h,I
a,I
t,E
 ,O
t,B
h,I
e,E
 ,O
m,B
a,I
c,I
a,I
r,I
o,I
n,E
 ,O
c,B
a,I
n,E
 ,O
n,B
o,E
 ,O
l,B
o,I
n,I
g,I
e,I
r,E
 ,O
e,B
x,I
p,I
a,I
n,I
d,E
 ,O
a,B
n,I
d,E
 ,O
m,B
u,I
s,I
t,E
 ,O
r,B
i,I
s,I
e,E
 ,O
u,B
p,E
 ,O
 ,O
t,B
h,I
i,I
s,E
 ,O
f,B
o,I
r,I
m,I
s,E
 ,O
a,S
 ,O
f,B
r,I
i,I
l,I
l,I
e,I
d,E
 ,O
r,B
u,I
f,I
f,I
l,I
e,E
 ,O
o,B
r,E
 ,O
f,B
o,I
o,I
t,E
 ,O
t,B
h,I
a,I
t,E
 ,O
m,B
a,I
c,I
a,I
r,I
o,I
n,E
 ,O
h,B
a,I
s,E
 ,O
t,B
h,I
e,E
 ,O
m,B
o,I
s,I
t,E
 ,O
p,B
e,I
r,I
f,I
e,I
c,I
t,E
 ,O
f,B
e,I
e,I
t,E
 ,O
i,S
 ,O
t,B
h,I
i,I
n,I
k,E
 ,O
i,S
 ,O
v,B
e,E
 ,O
e,B
v,I
e,I
r,E
 ,O
s,B
e,I
e,I
n,E
 ,O
n,B
o,E
 ,O
e,B
x,I
p,I
a,I
n,I
s,I
i,I
o,I
n,E
 ,O
o,B
u,I
t,E
 ,O
 ,O
j,B
u,I
s,I
t,E
 ,O
s,B
t,I
r,I
a,I
i,I
g,I
h,I
t,E
 ,O
u,B
p,E
 ,O
s,B
e,I
r,I
i,I
o,I
u,I
s,I
l,I
y,E
 ,O
i,B
m,I
p,I
r,I
e,I
s,I
s,I
e,I
d,E
 ,O
a,B
n,I
d,E
 ,O
e,B
n,I
v,I
i,I
o,I
u,I
s,E
 ,O
n,B
i,I
c,I
e,I
l,I
y,E
 ,O
d,B
o,I
n,I
e,E
 ,O
 ,O
i,S
 ,O
w,B
i,I
l,I
l,E
 ,O
h,B
a,I
v,I
e,E
 ,O
t,B
o,E
 ,O
u,B
s,I
e,E
 ,O
t,B
h,I
a,I
t,E
 ,O
o,B
v,I
e,I
n,E
 ,O
t,B
e,I
m,I
p,E
 ,O
t,B
r,I
i,I
c,I
k,E
 ,O
 ,O
o,B
f,I
t,I
e,I
n,E
 ,O
a,S
 ,O
p,B
o,I
r,I
t,I
i,I
o,I
n,E
 ,O
o,B
f,E
 ,O
m,B
i,I
n,I
e,E
 ,O
e,B
n,I
d,E
 ,O
u,B
p,E
 ,O
h,B
o,I
l,I
l,I
o,I
w,E
 ,O
b,B
u,I
t,E
 ,O
t,B
h,I
e,I
y,E
 ,O
s,B
t,I
i,I
l,I
l,E
 ,O
t,B
a,I
k,I
e,E
 ,O
d,B
e,I
c,I
e,I
n,I
t,E
 ,O
p,B
i,I
c,I
t,I
u,I
r,I
e,I
s,E
 ,O
n,B
o,I
w,E
 ,O
t,B
h,I
a,I
t,E
 ,O
t,B
o,I
o,I
k,E
 ,O
s,B
o,I
m,I
e,E
 ,O
s,B
k,I
i,I
l,I
l,I
s,E
 ,O
t,B
h,I
o,I
s,I
e,E
 ,O
a,B
r,I
e,E
 ,O
p,B
e,I
r,I
f,I
e,I
c,I
t,E
 ,O
i,B
s,E
 ,O
t,B
h,I
e,I
r,I
e,E
 ,O
b,B
y,E
 ,O
c,B
h,I
a,I
n,I
c,I
e,E
 ,O
a,S
 ,O
r,B
e,I
c,I
i,I
p,I
e,E
 ,O
 ,O
t,B
h,I
e,I
s,I
e,E
 ,O
l,B
o,I
o,I
k,E
 ,O
a,B
b,I
s,I
o,I
l,I
u,I
t,I
e,I
l,I
y,E
 ,O
l,B
o,I
v,I
e,I
l,I
y,E
 ,O
i,S
 ,O
v,B
e,E
 ,O
n,B
e,I
v,I
e,I
r,E
 ,O
e,B
a,I
t,I
e,I
n,E
 ,O
a,S
 ,O
m,B
a,I
c,I
a,I
r,I
o,I
n,E
 ,O
w,B
h,I
a,I
t,E
 ,O
d,B
o,E
 ,O
t,B
h,I
e,I
y,E
 ,O
t,B
a,I
s,I
t,I
e,E
 ,O
l,B
i,I
k,I
e,E
 ,O
 ,O
 ,O
t,B
h,I
e,I
y,E
 ,O
l,B
o,I
o,I
k,E
 ,O
g,B
o,I
o,I
d,E
 ,O
h,B
o,I
l,I
y,E
 ,O
s,B
h,I
i,I
t,E
 ,O
 ,O
g,B
o,I
r,I
g,I
e,I
o,I
u,I
s,E
 ,O
f,B
e,I
e,I
t,I
a,B
l,I
w,I
a,I
y,I
s,E
 ,O
h,B
e,I
a,I
r,I
d,E
 ,O
t,B
h,I
e,I
s,I
e,E
 ,O
w,B
e,I
r,I
e,E
 ,O
i,B
n,I
c,I
r,I
e,I
d,I
i,I
b,I
l,I
y,E
 ,O
h,B
a,I
r,I
d,E
 ,O
t,B
o,E
 ,O
m,B
a,I
k,I
e,E
 ,O
g,B
o,I
o,I
d,E
 ,O
j,B
o,I
b,E
 ,O
 ,O
a,S
 ,O
s,B
p,I
o,I
t,E
 ,O
i,B
n,E
 ,O
m,B
y,E
 ,O
c,B
i,I
t,I
y,E
 ,O
m,B
a,I
k,I
e,I
s,E
 ,O
t,B
h,I
e,E
 ,O
m,B
o,I
s,I
t,E
 ,O
d,B
e,I
l,I
i,I
c,I
i,I
o,I
u,I
s,E
 ,O
p,B
i,I
s,I
t,I
a,I
c,I
h,I
i,I
o,E
 ,O
m,B
a,I
c,I
a,I
r,I
o,I
n,I
s,E
 ,O
i,S
 ,O
w,B
i,I
l,I
l,E
 ,O
h,B
a,I
v,I
e,E
 ,O
t,B
o,E
 ,O
t,B
r,I
y,E
 ,O
t,B
h,I
i,I
s,E
 ,O
o,B
n,E
 ,O
m,B
y,E
 ,O
o,B
w,I
n,E
 ,O
s,B
o,I
m,I
e,E
 ,O
d,B
a,I
y,E
 ,O
a,B
m,I
a,I
z,I
i,I
n,I
g,E
 ,O
f,B
o,I
o,I
t,I
i,I
n,I
g,I
l,B
o,I
o,I
k,I
s,E
 ,O
v,B
e,I
r,I
y,E
 ,O
t,B
a,I
s,I
t,I
e,I
y,E
 ,O
m,B
a,I
c,I
a,I
r,I
o,I
o,I
n,I
s,E
 ,O
i,B
n,I
t,I
i,I
m,I
i,I
d,I
a,I
t,I
e,E
 ,O
m,B
e,E
 ,O
t,B
h,I
o,I
u,I
g,I
h,E
 ,O
o,B
n,I
e,E
 ,O
d,B
a,I
y,E
 ,O
m,B
a,I
y,I
b,I
e,E
 ,O
i,S
 ,O
w,B
i,I
l,I
l,E
 ,O
t,B
r,I
y,E
 ,O
m,B
y,E
 ,O
h,B
a,I
n,I
d,E
 ,O
a,B
t,E
 ,O
t,B
h,I
e,I
m,I
i,S
 ,O
w,B
a,I
s,E
 ,O
g,B
o,I
n,E
 ,O
n,B
a,E
 ,O
s,B
a,I
y,E
 ,O
t,B
h,I
o,I
s,I
e,E
 ,O
l,B
o,I
o,I
k,E
 ,O
l,B
i,I
k,I
e,E
 ,O
h,B
u,I
g,I
e,E
 ,O
c,B
a,I
v,I
i,I
a,I
r,E
 ,O
t,B
i,I
n,I
s,E
 ,O
 ,O
t,B
h,I
e,I
n,E
 ,O
i,S
 ,O
d,B
i,I
s,I
c,I
o,I
v,I
e,I
r,I
e,I
d,E
 ,O
t,B
h,I
e,E
 ,O
h,B
a,I
l,I
f,E
 ,O
s,B
i,I
z,I
e,I
d,E
 ,O
b,B
o,I
t,I
t,I
l,I
e,E
 ,O
o,B
f,E
 ,O
b,B
u,I
b,I
b,I
l,I
y,E
 ,O
m,B
a,I
s,I
t,I
e,I
r,E
 ,O
c,B
h,I
e,I
f,E
 ,O
j,B
r,E
 ,O
i,B
s,E
 ,O
t,B
h,I
e,E
 ,O
b,B
e,I
s,I
t,E
 ,O
w,B
o,I
w,E
 ,O
 ,O
l,B
e,I
g,I
i,I
t,I
i,I
m,I
a,I
t,I
e,I
l,I
y,E
 ,O
i,B
m,I
p,I
r,I
e,I
s,I
s,I
e,I
d,E
 ,O
o,B
n,I
l,I
y,E
 ,O
f,B
o,I
o,I
d,E
 ,O
i,S
 ,O
h,B
a,I
v,I
e,E
 ,O
t,B
r,I
i,I
e,I
d,E
 ,O
a,B
n,I
d,E
 ,O
f,B
a,I
i,I
l,I
e,I
d,E
 ,O
a,B
t,E
 ,O
a,B
n,I
d,E
 ,O
t,B
h,I
o,I
s,I
e,E
 ,O
l,B
o,I
o,I
k,E
 ,O
r,B
e,I
a,I
l,I
l,I
y,E
 ,O
w,B
e,I
l,I
l,E
 ,O
e,B
x,I
e,I
c,I
u,I
t,I
e,I
d,E
 ,O
i,B
t,E
 ,O
s,S
 ,O
b,B
e,I
a,I
u,I
t,I
i,I
f,I
u,I
l,E
 ,O
i,S
 ,O
v,B
e,E
 ,O
w,B
a,I
t,I
c,I
h,I
e,I
d,E
 ,O
a,B
l,I
l,E
 ,O
t,B
h,I
o,I
s,I
e,E
 ,O
 ,O
m,B
a,I
y,I
b,I
e,E
 ,O
y,B
o,I
u,E
 ,O
d,S
 ,O
a,B
l,I
s,I
o,E
 ,O
e,B
n,I
j,I
o,I
y,E
 ,O
g,B
o,I
o,I
d,E
 ,O
e,B
a,I
t,I
s,E
 ,O
a,B
n,I
d,E
 ,O
c,B
h,I
o,I
p,I
p,I
e,I
d,E
 ,O
i,B
f,E
 ,O
y,B
o,I
u,E
 ,O
d,B
o,E
 ,O
n,B
t,E
 ,O
a,B
l,I
r,I
e,I
a,I
d,I
y,E
 ,O
t,B
r,I
e,I
m,I
e,E
 ,O
i,B
t,E
 ,O
e,B
n,I
d,I
e,I
d,E
 ,O
a,S
 ,O
f,B
e,I
w,E
 ,O
y,B
e,I
a,I
r,I
s,E
 ,O
a,B
g,I
o,E
 ,O
b,B
u,I
t,E
 ,O
y,B
o,I
u,E
 ,O
c,B
a,I
n,E
 ,O
s,B
t,I
i,I
l,I
l,E
 ,O
f,B
i,I
n,I
d,E
 ,O
i,B
t,E
 ,O
o,B
n,E
 ,O
h,B
b,I
o,E
 ,O
o,B
n,I
l,I
i,I
n,I
e,E
 ,O
y,B
e,I
s,E
 ,O
 ,O
i,B
t,E
 ,O
s,S
 ,O
a,B
b,I
o,I
u,I
t,E
 ,O
m,B
o,I
r,I
e,E
 ,O
t,B
h,I
a,I
n,E
 ,O
f,B
o,I
o,I
d,E
 ,O
 ,O
m,B
u,I
s,I
i,I
c,E
 ,O
 ,O
p,B
o,I
l,I
i,I
t,I
i,I
c,I
s,E
 ,O
 ,O
c,B
o,I
r,I
r,I
u,I
p,I
t,I
i,I
o,I
n,E
 ,O
 ,O
e,B
t,I
c,E
 ,O
i,B
n,E
 ,O
n,B
e,I
w,E
 ,O
o,B
r,I
l,I
e,I
a,I
n,I
s,E
 ,O
i,B
n,E
 ,O
t,B
h,I
e,E
 ,O
y,B
e,I
a,I
r,I
s,E
 ,O
a,B
f,I
t,I
e,I
r,E
 ,O
k,B
a,I
t,I
r,I
i,I
n,I
a,E
 ,O
 ,O
b,B
u,I
t,E
 ,O
t,B
h,I
e,E
 ,O
r,B
e,I
s,I
t,I
a,I
u,I
r,I
a,I
n,I
t,I
s,E
 ,O
a,B
n,I
d,E
 ,O
c,B
h,I
e,I
f,I
s,E
 ,O
a,B
r,I
e,E
 ,O
a,S
 ,O
m,B
a,I
i,I
n,E
 ,O
t,B
h,I
r,I
e,I
a,I
d,E
 ,O
o,B
f,E
 ,O
t,B
h,I
e,E
 ,O
s,B
h,I
o,I
w,E
 ,O
i,B
t,E
 ,O
h,B
a,I
s,E
 ,O
a,S
 ,O
t,B
o,I
n,E
 ,O
o,B
f,E
 ,O
r,B
e,I
c,I
u,I
r,I
r,I
i,I
n,I
g,E
 ,O
c,B
h,I
e,I
f,E
 ,O
c,B
a,I
m,I
e,I
o,I
s,E
 ,O
f,B
r,I
o,I
m,E
 ,O
j,B
o,I
h,I
n,E
 ,O
b,B
e,I
s,I
h,E
 ,O
t,B
o,E
 ,O
w,B
i,I
l,I
l,I
e,I
y,E
 ,O
d,B
u,I
f,I
r,I
y,E
 ,O
t,B
o,E
 ,O
e,B
m,I
e,I
r,I
i,I
l,E
 ,O
 ,O
j,B
u,I
s,I
t,E
 ,O
t,B
o,E
 ,O
n,B
a,I
m,I
e,E
 ,O
a,S
 ,O
f,B
e,I
w,E
 ,O
 ,O
a,B
n,I
d,E
 ,O
a,S
 ,O
l,B
o,I
t,E
 ,O
o,B
f,E
 ,O
t,B
h,I
e,E
 ,O
k,B
i,I
t,I
c,I
h,I
e,I
n,E
 ,O
d,B
i,I
a,I
l,I
o,I
g,E
 ,O
w,B
a,I
s,E
 ,O
w,B
r,I
i,I
t,I
t,I
e,I
n,E
 ,O
b,B
y,E
 ,O
a,B
n,I
t,I
h,I
o,I
n,I
y,E
 ,O
b,B
o,I
u,I
r,I
d,I
a,I
i,I
n,E
 ,O
m,B
o,I
s,I
t,E
 ,O
o,B
f,E
 ,O
t,B
h,I
e,E
 ,O
s,B
h,I
o,I
w,E
 ,O
i,B
s,E
 ,O
s,B
h,I
o,I
t,E
 ,O
o,B
n,E
 ,O
l,B
o,I
c,I
a,I
t,I
i,I
o,I
n,E
 ,O
 ,O
s,B
o,E
 ,O
i,B
f,E
 ,O
y,B
o,I
u,E
 ,O
r,B
e,E
 ,O
f,B
a,I
m,I
i,I
l,I
i,I
a,I
r,E
 ,O
w,B
i,I
t,I
h,E
 ,O
n,B
e,I
w,E
 ,O
o,B
r,I
l,I
e,I
a,I
n,I
s,E
 ,O
 ,O
i,B
t,E
 ,O
s,S
 ,O
f,B
u,I
n,E
 ,O
r,B
e,I
c,I
o,I
g,I
n,I
i,I
z,I
i,I
n,I
g,E
 ,O
a,B
l,I
l,E
 ,O
t,B
h,I
e,E
 ,O
p,B
l,I
a,I
c,I
e,I
s,E
 ,O
i,B
f,E
 ,O
y,B
o,I
u,E
 ,O
v,B
e,E
 ,O
e,B
v,I
e,I
r,E
 ,O
w,B
o,I
r,I
k,I
e,I
d,E
 ,O
i,B
n,E
 ,O
a,S
 ,O
r,B
e,I
s,I
t,I
a,I
u,I
r,I
a,I
n,I
t,E
 ,O
 ,O
e,B
s,I
p,I
e,I
c,I
i,I
a,I
l,I
l,I
y,E
 ,O
b,B
o,I
h,E
 ,O
 ,O
i,S
 ,O
t,B
h,I
i,I
n,I
k,E
 ,O
y,B
o,I
u,E
 ,O
l,B
l,E
 ,O
a,B
p,I
p,I
r,I
e,I
c,I
i,I
a,I
t,I
e,E
 ,O
i,B
t,E
 ,O
t,B
h,I
a,I
n,I
k,E
 ,O
g,B
o,I
d,E
 ,O
t,B
h,I
i,I
s,E
 ,O
w,B
a,I
s,E
 ,O
p,B
o,I
s,I
t,I
v,I
a,I
l,I
e,I
n,I
t,I
i,I
n,I
e,E
 ,O
s,S
 ,O
d,B
a,I
y,E
 ,O
b,B
e,I
c,I
a,I
u,I
s,I
e,E
 ,O
t,B
h,I
o,I
s,I
e,E
 ,O
f,B
o,I
o,I
d,I
s,E
 ,O
w,B
o,I
u,I
l,I
d,E
 ,O
m,B
a,I
k,I
e,E
 ,O
f,B
o,I
r,E
 ,O
s,B
o,I
m,I
e,E
 ,O
v,B
e,I
r,I
y,E
 ,O
f,B
u,I
n,I
k,I
y,E
 ,O
k,B
i,I
s,I
s,I
i,I
n,I
g,E
 ,O
y,B
o,I
u,E
 ,O
e,B
n,I
j,I
o,I
y,E
 ,O
f,B
i,I
s,I
h,E
 ,O
e,B
g,I
g,I
s,E
 ,O
i,S
 ,O
l,B
l,E
 ,O
e,B
a,I
t,E
 ,O
t,B
h,I
e,E
 ,O
f,B
i,I
s,I
h,E
 ,O
l,B
i,I
k,I
e,E
 ,O
a,S
 ,O
n,B
o,I
r,I
m,I
a,I
l,E
 ,O
p,B
e,I
r,I
s,I
o,I
n,I
s,B
o,I
r,I
r,I
y,E
 ,O
i,B
f,E
 ,O
t,B
h,I
i,I
s,E
 ,O
i,B
s,E
 ,O
a,S
 ,O
s,B
t,I
u,I
p,I
i,I
d,E
 ,O
q,B
u,I
e,I
s,I
t,I
i,I
o,I
n,E
 ,O
i,S
 ,O
m,S
 ,O
i,B
n,I
t,I
e,I
r,I
e,I
s,I
t,I
i,I
n,I
g,E
 ,O
i,B
n,E
 ,O
t,B
r,I
y,I
i,I
n,I
g,E
 ,O
c,B
a,I
v,I
i,I
a,I
r,E
 ,O
 ,O
i,S
 ,O
v,B
e,E
 ,O
n,B
e,I
v,I
e,I
r,E
 ,O
h,B
a,I
d,E
 ,O
i,B
t,E
 ,O
c,B
a,I
n,E
 ,O
y,B
o,I
u,E
 ,O
r,B
e,I
c,I
o,I
m,I
m,I
e,I
n,I
d,E
 ,O
w,B
h,I
a,I
t,E
 ,O
i,S
 ,O
s,B
h,I
o,I
u,I
l,I
d,E
 ,O
t,B
r,I
y,E
 ,O
a,B
n,I
d,E
 ,O
w,B
h,I
e,I
r,I
e,E
 ,O
t,B
o,E
 ,O
p,B
u,I
r,I
c,I
h,I
a,I
s,I
e,E
 ,O
 ,O
a,B
r,I
e,E
 ,O
o,B
n,I
l,I
i,I
n,I
e,E
 ,O
r,B
e,I
t,I
a,I
i,I
l,I
e,I
r,I
s,E
 ,O
a,S
 ,O
g,B
o,I
o,I
d,E
 ,O
s,B
o,I
u,I
r,I
c,I
e,E
 ,O
i,S
 ,O
j,B
u,I
s,I
t,E
 ,O
d,B
i,I
d,E
 ,O
s,B
o,I
m,I
e,E
 ,O
h,B
o,I
m,I
e,I
m,I
a,I
d,I
e,E
 ,O
c,B
a,I
r,I
o,I
l,I
i,I
n,I
a,E
 ,O
v,B
i,I
n,I
e,I
g,I
a,I
r,E
 ,O
s,B
a,I
u,I
c,I
e,E
 ,O
a,B
n,I
d,E
 ,O
i,S
 ,O
w,B
a,I
s,E
 ,O
w,B
o,I
n,I
d,I
e,I
r,I
i,I
n,I
g,E
 ,O
w,B
h,I
a,I
t,E
 ,O
i,B
s,E
 ,O
t,B
h,I
e,E
 ,O
f,B
r,I
i,I
d,I
g,I
e,E
 ,O
l,B
i,I
f,I
e,E
 ,O
o,B
f,E
 ,O
i,B
t,E
 ,O
 ,O
v,B
i,I
n,I
e,I
g,I
a,I
r,E
 ,O
 ,O
s,B
u,I
g,I
a,I
r,E
 ,O
 ,O
t,B
a,I
b,I
a,I
s,I
c,I
o,E
 ,O
 ,O
r,B
e,I
d,E
 ,O
p,B
e,I
p,I
p,I
e,I
r,E
 ,O
 ,O
c,B
a,I
t,I
c,I
h,I
u,I
p,E
 ,O
 ,O
i,S
 ,O
k,B
n,I
o,I
w,E
 ,O
 ,O
s,B
a,I
c,I
r,I
i,I
l,I
e,I
g,I
e,E
 ,O
 ,O
r,B
i,I
g,I
h,I
t,E
 ,O
 ,O
 ,O
a,B
n,I
d,E
 ,O
s,B
a,I
l,I
t,E
 ,O
 ,O
b,B
y,E
 ,O
t,B
h,I
e,E
 ,O
w,B
a,I
y,E
 ,O
i,B
t,E
 ,O
t,B
a,I
s,I
t,I
e,I
d,E
 ,O
g,B
r,I
e,I
a,I
t,E
 ,O
n,B
o,I
t,I
h,I
i,I
n,I
g,E
 ,O
i,B
n,E
 ,O
t,B
h,I
a,I
t,E
 ,O
r,B
e,I
c,I
i,I
p,I
e,E
 ,O
w,B
i,I
l,I
l,E
 ,O
s,B
p,I
o,I
i,I
l,E
 ,O
w,B
h,I
e,I
n,E
 ,O
r,B
e,I
f,I
r,I
i,I
g,I
e,I
r,I
a,I
t,I
e,I
d,E
 ,O
i,B
t,E
 ,O
s,B
h,I
o,I
u,I
l,I
d,E
 ,O
b,B
e,E
 ,O
g,B
o,I
o,I
d,E
 ,O
f,B
o,I
r,E
 ,O
m,B
o,I
n,I
t,I
h,I
s,E
 ,O
w,B
e,I
r,I
e,E
 ,O
t,B
h,I
o,I
s,I
e,E
 ,O
p,B
a,I
n,I
c,I
a,I
k,I
e,I
s,E
 ,O
c,B
o,I
o,I
k,I
e,I
d,E
 ,O
i,B
n,E
 ,O
a,S
 ,O
r,B
i,I
n,I
g,E
 ,O
m,B
o,I
l,I
d,E
 ,O
 ,O
t,B
h,I
e,E
 ,O
s,B
i,I
d,I
e,I
s,E
 ,O
l,B
o,I
o,I
k,E
 ,O
k,B
i,I
n,I
d,E
 ,O
o,B
f,E
 ,O
s,B
h,I
e,I
a,I
r,E
 ,O
a,B
n,I
d,E
 ,O
h,B
a,I
v,I
e,E
 ,O
a,S
 ,O
l,B
i,I
g,I
h,I
t,I
e,I
r,E
 ,O
c,B
o,I
l,I
o,I
r,E
 ,O
t,B
h,I
a,I
n,E
 ,O
i,S
 ,O
w,B
o,I
u,I
l,I
d,E
 ,O
e,B
x,I
p,I
e,I
c,I
t,E
 ,O
d,B
i,I
d,E
 ,O
t,B
h,I
e,I
y,E
 ,O
t,B
a,I
s,I
t,I
e,E
 ,O
g,B
o,I
o,I
d,E
 ,O
i,B
n,I
g,I
r,I
e,I
d,I
i,I
e,I
n,I
t,I
s,E
 ,O
2,S
 ,O
c,B
u,I
p,I
s,E
 ,O
c,B
h,I
i,I
c,I
k,I
e,I
n,E
 ,O
b,B
r,I
o,I
t,I
h,E
 ,O
1,S
 ,O
t,B
s,I
p,E
 ,O
s,B
a,I
l,I
t,E
 ,O
4,S
 ,O
c,B
h,I
i,I
c,I
k,I
e,I
n,E
 ,O
b,B
r,I
e,I
a,I
s,I
t,I
s,E
 ,O
4,S
 ,O
e,B
g,I
g,I
s,E
 ,O
 ,O
b,B
e,I
a,I
t,I
e,I
n,E
 ,O
 ,O
 ,O
c,B
u,I
p,E
 ,O
f,B
l,I
o,I
u,I
r,E
 ,O
1,S
 ,O
c,B
u,I
p,E
 ,O
p,B
a,I
n,I
k,I
o,E
 ,O
1,S
 ,O
c,B
u,I
p,E
 ,O
s,B
h,I
r,I
e,I
d,I
d,I
e,I
d,E
 ,O
p,B
a,I
r,I
m,I
e,I
s,I
a,I
n,E
 ,O
c,B
h,I
e,I
e,I
s,I
e,E
 ,O
 ,O
t,B
s,I
p,E
 ,O
s,B
a,I
l,I
t,E
 ,O
 ,O
t,B
s,I
p,E
 ,O
b,B
l,I
a,I
c,I
k,E
 ,O
p,B
e,I
p,I
p,I
e,I
r,E
 ,O
d,B
i,I
r,I
e,I
c,I
t,I
i,I
o,I
n,I
s,E
 ,O
1,S
 ,O
m,B
a,I
k,I
e,E
 ,O
b,B
r,I
i,I
n,I
e,E
 ,O
f,B
o,I
r,E
 ,O
c,B
h,I
i,I
c,I
k,I
e,I
n,E
 ,O
b,B
y,E
 ,O
d,B
i,I
s,I
s,I
o,I
l,I
v,I
i,I
n,I
g,E
 ,O
s,B
a,I
l,I
t,E
 ,O
w,B
i,I
t,I
h,E
 ,O
c,B
h,I
i,I
c,I
k,I
e,I
n,E
 ,O
b,B
r,I
o,I
t,I
h,E
 ,O
i,B
n,E
 ,O
a,S
 ,O
m,B
e,I
d,I
i,I
u,I
m,E
 ,O
b,B
o,I
w,I
l,E
 ,O
c,B
o,I
v,I
e,I
r,E
 ,O
c,B
h,I
i,I
c,I
k,I
e,I
n,E
 ,O
b,B
r,I
e,I
a,I
s,I
t,I
s,E
 ,O
w,B
i,I
t,I
h,E
 ,O
p,B
l,I
a,I
s,I
t,I
i,I
c,E
 ,O
w,B
r,I
a,I
p,E
 ,O
a,B
n,I
d,E
 ,O
p,B
o,I
u,I
n,I
d,E
 ,O
e,B
a,I
c,I
h,E
 ,O
o,B
n,I
e,E
 ,O
t,B
o,E
 ,O
a,B
b,I
o,I
u,I
t,E
 ,O
1,B
2,E
 ,O
i,B
n,I
c,I
h,E
 ,O
t,B
h,I
i,I
c,I
k,E
 ,O
w,B
i,I
t,I
h,E
 ,O
a,S
 ,O
k,B
i,I
t,I
c,I
h,I
e,I
n,E
 ,O
m,B
a,I
l,I
l,I
e,I
t,E
 ,O
i,B
f,E
 ,O
b,B
r,I
e,I
a,I
s,I
t,I
s,E
 ,O
a,B
r,I
e,E
 ,O
l,B
a,I
r,I
g,I
e,E
 ,O
 ,O
y,B
o,I
u,E
 ,O
c,B
a,I
n,E
 ,O
c,B
u,I
t,E
 ,O
t,B
h,I
e,I
m,E
 ,O
i,B
n,E
 ,O
h,B
a,I
l,I
f,E
 ,O
a,B
d,I
d,E
 ,O
f,B
l,I
a,I
t,I
t,I
e,I
n,I
e,I
d,E
 ,O
c,B
h,I
i,I
c,I
k,I
e,I
n,E
 ,O
t,B
o,E
 ,O
b,B
r,I
i,I
n,I
e,E
 ,O
c,B
o,I
v,I
e,I
r,E
 ,O
a,B
n,I
d,E
 ,O
c,B
h,I
i,I
l,I
l,E
 ,O
f,B
o,I
r,E
 ,O
3,S
 ,O
h,B
o,I
u,I
r,I
s,E
 ,O
 ,O
2,S
 ,O
w,B
h,I
e,I
n,E
 ,O
c,B
h,I
i,I
c,I
k,I
e,I
n,E
 ,O
h,B
a,I
s,E
 ,O
m,B
a,I
r,I
i,I
n,I
a,I
t,I
e,I
d,E
 ,O
 ,O
r,B
e,I
m,I
o,I
v,I
e,E
 ,O
t,B
h,I
e,E
 ,O
f,B
i,I
l,I
l,I
e,I
t,I
s,E
 ,O
f,B
r,I
o,I
m,E
 ,O
b,B
r,I
i,I
n,I
e,E
 ,O
a,B
n,I
d,E
 ,O
d,B
a,I
b,E
 ,O
w,B
i,I
t,I
h,E
 ,O
p,B
a,I
p,I
e,I
r,E
 ,O
t,B
o,I
w,I
e,I
l,I
s,E
 ,O
t,B
o,E
 ,O
r,B
e,I
m,I
o,I
v,I
e,E
 ,O
e,B
x,I
c,I
e,I
s,I
s,E
 ,O
l,B
i,I
q,I
u,I
i,I
d,E
 ,O
b,B
e,I
a,I
t,E
 ,O
e,B
g,I
g,I
s,E
 ,O
i,B
n,E
 ,O
a,S
 ,O
m,B
e,I
d,I
i,I
u,I
m,E
 ,O
b,B
o,I
w,I
l,E
 ,O
 ,O
a,B
n,I
d,E
 ,O
p,B
o,I
u,I
r,E
 ,O
f,B
l,I
o,I
u,I
r,E
 ,O
o,B
n,I
t,I
o,E
 ,O
a,S
 ,O
p,B
l,I
a,I
t,I
e,E
 ,O
c,B
o,I
m,I
b,I
i,I
n,I
e,E
 ,O
b,B
r,I
e,I
a,I
d,I
c,I
r,I
u,I
m,I
b,I
s,E
 ,O
 ,O
p,B
a,I
r,I
m,I
e,I
s,I
a,I
n,E
 ,O
c,B
h,I
e,I
e,I
s,I
e,E
 ,O
 ,O
s,B
a,I
l,I
t,E
 ,O
a,B
n,I
d,E
 ,O
p,B
e,I
p,I
p,I
e,I
r,E
 ,O
i,B
n,E
 ,O
a,B
n,I
o,I
t,I
h,I
e,I
r,E
 ,O
m,B
e,I
d,I
i,I
u,I
m,E
 ,O
b,B
o,I
w,I
l,E
 ,O
t,B
o,E
 ,O
b,B
r,I
e,I
a,I
d,E
 ,O
t,B
h,I
e,E
 ,O
c,B
h,I
i,I
c,I
k,I
e,I
n,E
 ,O
 ,O
f,B
i,I
r,I
s,I
t,E
 ,O
c,B
o,I
a,I
t,E
 ,O
e,B
a,I
c,I
h,E
 ,O
f,B
i,I
l,I
l,I
e,I
t,E
 ,O
w,B
i,I
t,I
h,E
 ,O
f,B
l,I
o,I
u,I
r,E
 ,O
 ,O
t,B
h,I
e,I
n,E
 ,O
e,B
g,I
g,E
 ,O
 ,O
a,B
n,I
d,E
 ,O
t,B
h,I
e,I
n,E
 ,O
t,B
h,I
e,E
 ,O
p,B
a,I
r,I
m,I
e,I
s,I
a,I
n,E
 ,O
m,B
i,I
x,I
t,I
u,I
r,I
e,E
 ,O
r,B
e,I
s,I
t,E
 ,O
 ,O
3,S
 ,O
a,B
d,I
d,E
 ,O
e,B
n,I
o,I
u,I
g,I
h,E
 ,O
o,B
i,I
l,E
 ,O
t,B
o,E
 ,O
c,B
o,I
v,I
e,I
r,E
 ,O
t,B
h,I
e,E
 ,O
b,B
o,I
t,I
t,I
o,I
m,E
 ,O
o,B
f,E
 ,O
a,S
 ,O
l,B
a,I
r,I
g,I
e,E
 ,O
s,B
a,I
u,I
t,I
e,E
 ,O
p,B
a,I
n,E
 ,O
 ,O
a,B
n,I
d,E
 ,O
h,B
e,I
a,I
t,E
 ,O
o,B
v,I
e,I
r,E
 ,O
m,B
e,I
d,I
i,I
u,I
m,I
l,I
o,I
w,E
 ,O
u,B
n,I
t,I
i,I
l,E
 ,O
h,B
o,I
t,E
 ,O
s,B
a,I
u,I
t,I
e,E
 ,O
e,B
a,I
c,I
h,E
 ,O
b,B
r,I
e,I
a,I
d,I
e,I
d,E
 ,O
c,B
h,I
i,I
c,I
k,I
e,I
n,E
 ,O
f,B
i,I
l,I
l,I
e,I
t,E
 ,O
i,B
n,E
 ,O
o,B
i,I
l,E
 ,O
f,B
o,I
r,E
 ,O
4,B
5,E
 ,O
m,B
i,I
n,I
u,I
t,I
e,I
s,E
 ,O
p,B
e,I
r,E
 ,O
s,B
i,I
d,I
e,E
 ,O
o,B
r,E
 ,O
u,B
n,I
t,I
i,I
l,E
 ,O
b,B
r,I
o,I
w,I
n,E
 ,O
 ,O
4,S
 ,O
c,B
o,I
v,I
e,I
r,E
 ,O
w,B
i,I
t,I
h,E
 ,O
m,B
a,I
r,I
i,I
n,I
a,I
r,I
a,E
 ,O
a,B
n,I
d,E
 ,O
t,B
o,I
p,E
 ,O
w,B
i,I
t,I
h,E
 ,O
a,S
 ,O
s,B
l,I
i,I
c,I
e,E
 ,O
o,B
f,E
 ,O
p,B
r,I
o,I
v,I
o,I
l,I
o,I
n,I
e,E
 ,O
 ,O
5,S
 ,O
p,B
l,I
a,I
c,I
e,E
 ,O
i,B
n,E
 ,O
b,B
r,I
o,I
i,I
l,I
e,I
r,E
 ,O
u,B
n,I
t,I
i,I
l,E
 ,O
m,B
e,I
l,I
t,I
y,E
 ,O
a,B
n,I
d,E
 ,O
d,B
e,I
l,I
i,I
c,I
i,I
o,I
u,I
s,I
r,B
e,I
c,I
i,I
p,I
e,E
 ,O
 ,O
h,B
e,I
r,I
e,E
 ,O
 ,O
 ,O
h,B
t,I
t,I
p,I
s,E
 ,O
 ,O
w,B
w,I
w,I
c,I
h,I
e,I
f,I
s,I
t,I
e,I
p,I
s,I
c,I
o,I
m,I
a,I
c,I
t,I
i,I
v,I
i,I
t,I
i,I
e,I
s,I
a,I
m,I
a,I
z,I
i,I
n,I
g,I
c,I
h,I
e,I
w,I
y,I
b,I
a,I
g,I
e,I
l,I
s,I
f,I
r,I
o,I
m,I
s,I
c,I
r,I
a,I
t,I
c,I
h,E
 ,O
 ,O
m,B
o,I
d,I
i,I
f,I
i,I
c,I
a,I
t,I
i,I
o,I
n,I
s,E
 ,O
 ,O
 ,O
p,B
o,I
r,I
t,I
i,I
o,I
n,I
e,I
d,E
 ,O
t,B
h,I
e,I
m,E
 ,O
t,B
o,E
 ,O
1,B
0,I
4,I
g,E
 ,O
 ,O
o,B
r,E
 ,O
1,B
0,E
 ,O
b,B
a,I
g,I
e,I
l,I
s,E
 ,O
 ,O
i,B
n,I
s,I
t,I
e,I
a,I
d,E
 ,O
o,B
f,E
 ,O
6,B
5,I
g,E
 ,O
 ,O
j,B
u,I
s,I
t,E
 ,O
u,B
s,I
e,I
d,E
 ,O
w,B
h,I
a,I
t,E
 ,O
i,S
 ,O
h,B
a,I
d,E
 ,O
o,B
n,E
 ,O
h,B
a,I
n,I
d,E
 ,O
f,B
o,I
r,E
 ,O
t,B
o,I
p,I
p,I
i,I
n,I
g,I
s,E
 ,O
a,B
n,I
d,E
 ,O
d,B
i,I
d,E
 ,O
n,B
t,E
 ,O
m,B
e,I
a,I
s,I
u,I
r,I
e,E
 ,O
 ,O
m,B
a,I
l,I
d,I
o,I
n,E
 ,O
s,B
a,I
l,I
t,E
 ,O
 ,O
s,B
e,I
s,I
a,I
m,I
e,E
 ,O
s,B
e,I
e,I
d,I
s,E
 ,O
 ,O
d,B
r,I
i,I
e,I
d,E
 ,O
g,B
a,I
r,I
l,I
i,I
c,E
 ,O
 ,O
d,B
r,I
i,I
e,I
d,E
 ,O
o,B
n,I
i,I
o,I
n,E
 ,O
 ,O
v,B
e,I
r,I
d,I
i,I
c,I
t,E
 ,O
 ,O
v,B
e,I
r,I
y,E
 ,O
c,B
h,I
e,I
w,I
y,E
 ,O
i,B
n,E
 ,O
a,S
 ,O
g,B
o,I
o,I
d,E
 ,O
w,B
a,I
y,E
 ,O
 ,O
h,B
a,I
d,E
 ,O
a,S
 ,O
s,B
o,I
f,I
t,I
e,I
r,E
 ,O
c,B
r,I
u,I
s,I
t,E
 ,O
t,B
h,I
a,I
n,E
 ,O
i,S
 ,O
e,B
x,I
p,I
e,I
c,I
t,I
e,I
d,E
 ,O
 ,O
b,B
u,I
t,E
 ,O
d,B
e,I
l,I
i,I
c,I
i,I
o,I
u,I
s,E
 ,O
n,B
o,I
n,I
e,I
t,I
h,I
e,I
l,I
e,I
s,I
s,E
 ,O
i,S
 ,O
l,B
l,E
 ,O
d,B
e,I
f,I
i,I
n,I
i,I
t,I
e,I
l,I
y,E
 ,O
b,B
e,E
 ,O
a,B
d,I
d,I
i,I
n,I
g,E
 ,O
t,B
h,I
i,I
s,E
 ,O
t,B
o,E
 ,O
m,B
y,E
 ,O
r,B
e,I
c,I
i,I
p,I
e,E
 ,O
a,B
r,I
s,I
e,I
n,I
a,I
l,E
 ,O
 ,O
e,B
d,I
i,I
t,E
 ,O
 ,O
s,B
o,I
r,I
r,I
y,E
 ,O
 ,O
c,B
a,E
 ,O
n,B
t,E
 ,O
s,B
e,I
e,I
m,E
 ,O
t,B
o,E
 ,O
c,B
h,I
a,I
n,I
g,I
e,E
 ,O
a,B
s,I
t,I
e,I
r,I
i,I
s,I
k,I
s,E
 ,O
t,B
o,E
 ,O
b,B
u,I
l,I
l,I
e,I
t,I
p,I
o,I
i,I
n,I
t,I
s,I
y,B
o,I
u,E
 ,O
a,B
l,I
s,I
o,E
 ,O
s,B
p,I
e,I
c,I
i,I
a,I
l,I
i,I
z,I
e,E
 ,O
i,B
n,E
 ,O
t,B
r,I
i,I
c,I
h,I
i,I
n,I
o,I
s,I
i,I
s,E
 ,O
i,S
 ,O
m,S
 ,O
s,B
u,I
r,I
e,E
 ,O
i,S
 ,O
l,B
o,I
v,I
e,E
 ,O
y,B
o,I
u,E
 ,O
